mol,CAS,Tox
Clc1c(C(=O)O)c(Cl)ccc1,50-30-6,2.3299999
Clc1c(C(=O)O)c(Cl)cc(Cl)c1,50-43-1,2.5899999
Clc1c(Cl)cccc1C(=O)O,50-45-3,2.5899999
Clc1c(C(=O)O)cc(Cl)cc1,50-79-3,2.54
O=[N+]([O-])c1c(O)ccc([N+](=O)[O-])c1,51-28-5,4.0599999
Clc1cc(Cl)cc(C(=O)O)c1,51-36-5,3.27
Clc1c(Cl)ccc(C(=O)O)c1,51-44-5,3.3099999
O=C(N)c1ccccc1,55-21-0,2.0899999
ClC(Cl)(Cl)Cl,56-23-5,2.98
S=C=NCC=C,1957/6/7,5.0609999
OC(CO)C,57-55-6,0.49000001
O=C1OCC1,57-57-8,2.875
O=C1C(C)=CC(=O)c2c1cccc2,58-27-5,4.54
Clc1c(C)cc(O)cc1,59-50-7,3.8
OCCc1ccccc1,1960/12/8,2.4100001
O=C(N)C,60-35-5,0.67799997
Nc1ccccc1,62-53-3,2.77
S=C(N)N,62-56-6,1.6799999
OCC,64-17-5,1.0089999
S(=O)(=O)(OCC)OCC,64-67-5,2.302
O=C(N)c1c(O)cccc1,65-45-2,2.76
O=Cc1c2c(ccc1)cccc2,66-77-3,3.4230001
O=Cc1ccc(Oc2ccccc2)cc1,67-36-7,4.2600002
OC,67-56-1,0.33399999
OC(C)C,67-63-0,1.118
O=C(C)C,67-64-1,0.796
[SH0](=O)(C)C,67-68-5,0.54799998
S(=O)(=O)(C)C,67-71-0,0.80000001
O=C(O)c1c(O)cccc1,69-72-7,2.49
BrCC(=O)c1ccccc1,1970/11/1,5.8239999
Fc1c([N+](=O)[O-])cc([N+](=O)[O-])cc1,70-34-8,4.71
O=C(CC)c1ccc(O)cc1,70-70-2,3.1199999
OCCC,71-23-8,1.2539999
OCCCCC,71-41-0,1.97
c1ccccc1,71-43-2,2.8800001
Clc1ccc(C(=O)O)cc1,1974/11/3,3.1099999
N#CC,1975/5/8,0.72299999
NC(C)C,75-31-0,2.1370001
NC(C)(C)C,75-64-9,2.1029999
OC(C)(C)C,75-65-0,1.209
BrC(Br)(Br)CO,75-80-9,3.1129999
OCC(C)(C)C,75-84-3,2.1300001
OC(CC)(C)C,75-85-4,1.827
O=C(C(C)(C)C)C,75-97-8,1.558
O=C(O)C(C)(C)C,75-98-9,2.7460001
OC(C#C)(CC)C,77-75-8,1.677
S(=O)(=O)(C=C)C=C,77-77-0,4.4099998
NCC(C)C,78-81-9,2.7379999
N#CC(C)C,78-82-0,1.381
O=CC(C)C,78-84-2,2.5669999
O=CC(=C)C,78-85-3,3.6700001
O=C(CC)C,78-93-3,1.2539999
O=C(N)CC,79-05-0,0.91000003
O=C(N)C=C,1979/6/1,2.1930001
ClCC(=O)N,1979/7/2,3.036
O=C(O)CC,1979/9/4,2.4879999
O=C(NC)C,79-16-3,1.02
O=C(OC)C,79-20-9,1.405
O=C(O)C(C)C,79-31-2,2.6670001
Oc1ccc(C(CC)(C)C)cc1,80-46-6,4.23
O=C(OC)C(=C)C,80-62-6,1.78
O=[N+]([O-])c1c(C)cccc1C,81-20-9,3.3
Cc1c2c([nH]c1)cccc2,83-34-1,3.3699999
Clc1c(C)c([N+](=O)[O-])ccc1,83-42-1,3.6800001
O=C(OCC)c1c(C(=O)OCC)cccc1,84-66-2,3.23
O=C(OCC(C)C)c1c(C(=O)OCC(C)C)cccc1,84-69-5,4.4400001
O=[N+]([O-])c1c(-c2ccccc2)cccc1,86-00-0,4.3000002
N#Cc1c2c(ccc1)cccc2,86-53-3,3.6900001
O=[N+]([O-])c1c2c(ccc1)cccc2,86-57-7,4
[nH]1c2c(c3c1cccc3)cccc2,86-74-8,3.9100001
O=C(OCCO)c1c(O)cccc1,87-28-5,2.9200001
Nc1c(C)c(C)ccc1,87-59-2,2.5699999
Nc1c(C)cccc1C,87-62-7,2.5699999
Clc1c(O)c(Cl)ccc1,87-65-0,3.73
Oc1c(O)cccc1O,87-66-1,3.8499999
Clc1c(Cl)c(Cl)c(O)c(Cl)c1Cl,87-86-5,5.0700002
Clc1c(Cl)c(O)c(Cl)c(Cl)c1O,87-87-6,5.1100001
Nc1c(C)cc(C)cc1C,1988/5/1,2.95
Clc1c(O)c(Cl)cc(Cl)c1,1988/6/2,4.4099998
O=C(C)c1sccc1,88-15-3,2.4100001
Oc1c(C(C)(C)C)cccc1,88-18-6,4.29
Brc1c(C(=O)O)cccc1,88-65-3,2.53
O=C(N)c1c(N)cccc1,88-68-6,2.1300001
Clc1c([N+](=O)[O-])cccc1,88-73-3,3.6800001
O=[N+]([O-])c1c(O)cccc1,88-75-5,3.6700001
Clc1c([N+](=O)[O-])cc(Cl)cc1,89-61-2,4.1300001
O=[N+]([O-])c1c(N)ccc(C)c1,89-62-3,3.3699999
Clc1cc([N+](=O)[O-])c(O)cc1,89-64-5,5.1199999
Clc1c(C)cc(O)c(C(C)C)c1,89-68-9,4.8499999
O=C(NO)c1c(O)cccc1,89-73-6,3.3800001
O=C(C)c1c(O)cc(O)cc1,89-84-9,3.25
OCc1c(C)cccc1,89-95-2,2.5699999
Oc1c(CC)cccc1,90-00-6,3.1600001
OCc1c(O)cccc1,1990/1/7,2.05
O=Cc1c(O)cccc1,1990/2/8,3.4200001
O(C)c1c(N)cccc1,90-04-0,2.3099999
Cc1c2c(ccc1)cccc2,90-12-0,3.74
Clc1c2c(ccc1)cccc2,90-13-1,3.8099999
Oc1c2c(ccc1)cccc2,90-15-3,3.75
Brc1c(O)c(C=O)cc(Br)c1,90-59-5,4.6500001
Clc1c(O)c(C=O)cc(Cl)c1,90-60-8,4.5500002
Oc1c(CN(C)C)cc(CN(C)C)cc1CN(C)C,90-72-2,2.48
Brc1ccc(C(=O)c2ccccc2)cc1,90-90-4,4.2600002
OC(c1ccccc1)c1ccccc1,91-01-0,3.5
N#Cc1c(C#N)cccc1,91-15-6,2.6600001
c12c(cccc1)cccc2,91-20-3,2.8800001
n1c2c(ccc1)cccc2,91-22-5,3.0899999
Cc1cc2c(cc1)cccc2,91-57-6,4.0799999
Cc1nc2c(cc1)cccc2,91-63-4,3.47
N(CC)(CC)c1ccccc1,91-66-7,3.6600001
c1(-c2ccccc2)ccccc1,92-52-4,4.0500002
Oc1ccc(-c2ccccc2)cc1,92-69-3,4.3899999
n1c2c(nc3c1cccc3)cccc2,92-82-0,4.4000001
OC(CC)c1ccccc1,93-54-9,2.5699999
O=C(CC)c1ccccc1,93-55-0,2.9300001
O=C(OC)c1ccccc1,93-58-3,3.23
O=C(OCC)c1ccccc1,93-89-0,2.99
O=C(CC(=O)c1ccccc1)C,93-91-4,3.5699999
O=C(Oc1ccccc1)c1ccccc1,93-99-2,4.3499999
O=C(OC=C)C(CCCC)CC,1994/4/2,4.046
O=C(OCC)c1ccc(C)cc1,1994/8/6,3.6800001
O=C(OCC)c1ccc(N)cc1,1994/9/7,3.7
O=C(OCc1ccccc1)c1ccc(O)cc1,94-18-8,4.5500002
O=C(OCCCC)c1ccc(O)cc1,94-26-8,4.3299999
O=C(OCC)c1ccc(OC)cc1,94-30-4,3.77
O/N=C/c1c(O)cccc1,94-67-7,3.25
O=Cc1c(O)cc(O)cc1,1995/1/2,3.5150001
s1c2c(nc1)cccc2,95-16-9,2.97
Oc1c(C)cccc1,95-48-7,2.71
Clc1c(Cl)cccc1,95-50-1,3.53
Clc1c(N)cccc1,95-51-2,2.8299999
Nc1c(C)cccc1,95-53-4,2.8399999
Brc1c(O)cccc1,95-56-7,3.3299999
Cc1c(C)ccc(C)c1,95-63-6,3.78
Nc1cc(C)c(C)cc1,95-64-7,2.8399999
Oc1cc(C)c(C)cc1,95-65-8,3.1199999
Oc1c(C)cc(O)cc1,95-71-6,4.8600001
Clc1c(C)ccc(N)c1,95-74-9,3.3900001
Clc1c(Cl)ccc(N)c1,95-76-1,4.3699999
Clc1c(Cl)ccc(O)c1,95-77-2,4.75
Nc1c(C)ccc(C)c1,95-78-3,2.6700001
Clc1cc(N)c(C)cc1,95-79-4,3.5
Nc1c(C)ccc(N)c1,95-80-7,2.3399999
Clc1c(N)cc(Cl)cc1,95-82-9,3.5799999
Clc1cc(N)c(O)cc1,95-85-2,3.78
Oc1c(N)cc(N)cc1,95-86-3,3.1300001
Oc1c(C)ccc(C)c1,95-87-4,3.1400001
Clc1c(O)cc(O)cc1,95-88-5,3.1300001
Clc1c(Cl)cc(Cl)c(Cl)c1,95-94-3,5
Clc1c(Cl)cc(O)c(Cl)c1,95-95-4,5.0999999
O=C(C(=O)C)CCCC,1996/4/8,3.04
O=C(OCC=C)C(=C)C,1996/5/9,2.3199999
BrC(CBr)CO,96-13-9,2.5139999
NCC(CC)C,96-15-1,2.523
BrCC(O)CBr,96-21-9,3.5699999
O=C(CC)CC,96-22-0,1.544
ClCC(O)CCl,96-23-1,2.207
O/N=C(/CC)\C,96-29-7,1.9299999
O=C(OC)C=C,96-33-3,3.55
ClCC(=O)OC,96-34-4,3.8859999
O=C1OCCC1,96-48-0,1.283
O=[N+]([O-])c1c(N)ccc([N+](=O)[O-])c1,1997/2/9,3.72
Clc1cc(Cc2c(O)ccc(Cl)c2)c(O)cc1,97-23-4,6.0900002
O(C)c1c(O)ccc(CC=C)c1,97-53-0,3.4200001
O(C)c1c(O)ccc(/C=C/C)c1,97-54-1,3.75
O=C(OCC)C(C)C,97-62-1,1.729
O=C(OCC)C(=C)C,97-63-2,2.0699999
O=C(OCC(C)C)C(C)C,97-85-8,2.4089999
O=C(OCC(C)C)C(=C)C,97-86-9,2.72
O=CC(CC)CC,97-96-1,2.9460001
O=Cc1sccc1,1998/3/3,2.95
Oc1ccc(C(C)(C)C)cc1,98-54-4,3.9100001
C(C)(C)c1ccccc1,98-82-8,3.6900001
O=C(C)c1ccccc1,98-86-2,2.54
ClC(Cl)c1ccccc1,98-87-3,3.1099999
O=[N+]([O-])c1ccccc1,98-95-3,3.1400001
O=C(C)c1cc(N)ccc1,1999/3/6,2.1800001
O=C(O)c1cc(O)ccc1,1999/6/9,2.1900001
O=[N+]([O-])c1cc(C)ccc1,1999/8/1,3.4200001
O=[N+]([O-])c1cc(N)ccc1,1999/9/2,3.03
Brc1c(O)c(Br)cc([N+](=O)[O-])c1,99-28-5,4.3600001
O=[N+]([O-])c1cc(C)c(C)cc1,99-51-4,3.5899999
O=[N+]([O-])c1cc(C)c(N)cc1,99-52-5,3.49
O=[N+]([O-])c1cc(N)c(N)cc1,99-56-9,3.52
O=[N+]([O-])c1cc(C=O)ccc1,99-61-6,3.1099999
O=[N+]([O-])c1cc([N+](=O)[O-])ccc1,99-65-0,3.76
O=C(O)C(CCC)CCC,99-66-1,3.026
O=C(OC)c1ccc(C)cc1,99-75-2,3.23
O=C(OC)c1ccc(O)cc1,99-76-3,3.0799999
O=[N+]([O-])c1ccc(C(=O)OCC)cc1,99-77-4,3.71
Nc1ccc(C(C)C)cc1,99-88-7,3.22
O=C(O)c1ccc(O)cc1,99-96-7,1.98
O=[N+]([O-])c1ccc(O)cc1,100-02-7,4.4200001
O=C(C)c1ccc(OC)cc1,100-06-1,2.8699999
O=Cc1ccc(N(C)C)cc1,100-10-7,3.23
BrCc1ccc([N+](=O)[O-])cc1,100-11-8,5.3099999
O=[N+]([O-])c1ccc(CC)cc1,100-12-9,3.4300001
ClCc1ccc([N+](=O)[O-])cc1,100-14-1,4.1799998
O=[N+]([O-])c1ccc(OC)cc1,100-17-4,3.54
O=[N+]([O-])c1ccc([N+](=O)[O-])cc1,100-25-4,4.3000002
OCCN(CC)CC,100-37-8,1.505
BrCc1ccccc1,100-39-0,3.638
C(=C)c1ccccc1,100-42-5,2.98
NCc1ccccc1,100-46-9,2.76
N#Cc1ccncc1,100-48-1,2.1800001
O=Cc1ccccc1,100-52-7,2.8
N#Cc1cnccc1,100-54-9,2.26
N(C)c1ccccc1,100-61-8,3.0599999
S(C)c1ccccc1,100-68-5,3.1800001
N#Cc1ncccc1,100-70-9,2.1700001
C(C)c1ncccc1,100-71-0,2.1300001
OCC1OC(C)(C)OC1,100-79-8,1.21
O=Cc1cc(O)ccc1,100-83-4,3.0799999
OC(Cc1ccccc1)(C)C,100-86-7,2.5899999
C(c1ncccc1)c1ccccc1,101-82-6,3.3800001
N=C(NC(=N)N)Nc1ccccc1,102-02-3,2.6099999
OCCN(CCO)CCO,102-71-6,1.251
OC(CCc1ccccc1)(C)C,103-05-9,2.9300001
O=C(OCC)/C=C/c1ccccc1,103-36-6,3.99
O=C(OC/C=C/c1ccccc1)C,103-54-8,3.5899999
BrCCc1ccccc1,103-63-9,3.4200001
N(CC)c1ccccc1,103-69-5,3.0699999
S=C=Nc1ccccc1,103-72-0,4.4099998
N(Cc1ccccc1)(C)C,103-83-3,3.1199999
O=C(Nc1ccc(O)cc1)C,103-90-2,2.1800001
Oc1ccc(CCCCCCCCC)cc1,104-40-5,5.4699998
O=C1OC(CCCC)CC1,104-50-7,2.6199999
C(CC)Cc1ccccc1,104-51-8,4.25
ClCCCc1ccccc1,104-52-9,3.5
OC/C=C/c1ccccc1,104-54-1,2.9200001
O=C1OC(CCCCC)CC1,104-61-0,3.0139999
OCC(CCCC)CC,104-76-7,3.1670001
NCc1ccc(C)cc1,104-84-7,2.99
N#Cc1ccc(C)cc1,104-85-8,2.9000001
Clc1ccc(CN)cc1,104-86-9,3.1600001
O=Cc1ccc(C)cc1,104-87-0,2.9430001
Clc1ccc(C=O)cc1,104-88-1,3.4000001
C(C)c1cnc(C)cc1,104-90-5,2.8199999
O=Nc1ccc(O)cc1,104-91-6,3.6500001
O(C)c1ccc(C)cc1,104-93-8,3.25
O=Cc1ccc(C#N)cc1,105-07-7,3.04
OC(C#C)CCC,105-31-7,3.6570001
O=C(OC)CC#N,105-34-0,1.66
BrCC(=O)OCC,105-36-2,5.678
O=C(OCC)CC,105-37-3,2.0550001
O=C(OC=C)CC,105-38-4,2.3469999
ClCC(=O)OCC,105-39-5,4.0560002
O=C(O)CC(CC)C,105-43-1,2.767
O=C(OC(CC)C)C,105-46-4,2.3210001
O=C(OCC)CC(=O)OCC,105-53-3,2.003
O=C(OCC)CC#N,105-56-6,1.77
OCCN(CCO)C,105-59-9,1.166
O=C(OCCC)CCC,105-66-8,2.586
Oc1c(C)cc(C)cc1,105-67-9,3.1400001
O=C(OCCCC)/C=C/C(=O)OCCCC,105-75-9,4.4899998
O=C(OCCCC)CCCCC(=O)OCCCC,105-99-7,3.7920001
O=C(OCCC)CC,106-36-5,2.1849999
Brc1ccc(Br)cc1,106-37-6,3.6800001
Brc1ccc(C)cc1,106-38-7,3.47
Brc1ccc(N)cc1,106-40-1,4.0100002
Brc1ccc(O)cc1,106-41-2,3.6800001
Cc1ccc(C)cc1,106-42-3,3.25
Oc1ccc(C)cc1,106-44-5,2.8399999
Clc1ccc(Cl)cc1,106-46-7,3.53
Nc1ccc(C)cc1,106-49-0,2.95
O=C(OCC(C)C)C=C,106-63-8,3.29
O=C(OC)CCC(=O)OC,106-65-0,1.943
O=C(OC)CCCCC,106-70-7,2.4389999
O=C(OC)CCCCCC,106-73-0,3.1040001
O=C(OC)CCCCCCCCC(=O)OC,106-79-6,4.0110002
BrCC=C,106-95-6,3.569
O=CC=C,107-02-8,4.8899999
ClCC=C,107-05-1,2.0599999
ClCCO,107-07-3,1.5829999
ICCC,107-08-4,2.6099999
N#CCC,107-12-0,1.028
ClCC#N,107-14-2,3.845
OCC=C,107-18-6,1.082
OCC#C,107-19-7,1.926
O/N=C/C,107-29-9,1.39
O=COC,107-31-3,1.502
OC(CC(O)C)(C)C,107-41-5,1.0470001
ClCC(=O)OC(C)(C)C,107-59-5,3.8540001
BrCCC(C)C,107-82-4,3.25
NCCC(C)C,107-85-7,2.4230001
O=C/C=C(\C)/C,107-86-8,3.0899999
O=C(CCC)C,107-87-9,1.778
OC(CCO)C,107-88-0,0.699
O=C(O)CCC,107-92-6,2.428
O=C(O)/C=C/C,107-93-7,2.4549999
ClCCC(=O)O,107-94-8,2.668
O=[N+]([O-])CCC,108-03-2,2.01
O=C(OC=C)C,108-05-4,2.141
O=C(CC(C)C)C,108-10-1,1.7920001
O=C(OC(C)C)C,108-21-4,1.41
O=C(OC(=C)C)C,108-22-5,2.5109999
O=C1OC(C)CC1,108-29-2,1.431
Oc1cc(C)ccc1,108-39-4,2.9200001
Clc1cc(O)ccc1,108-43-0,3.8699999
Nc1cc(C)ccc1,108-44-1,2.72
Oc1cc(O)ccc1,108-46-3,2.3499999
Cc1nccc(C)c1,108-47-4,2.3499999
Cc1nc(C)ccc1,108-48-5,2.1900001
O=C(OC)CC(=O)OC,108-59-8,1.7130001
O=C(OCC)CC(C)C,108-64-5,2.277
Nc1cc(C)cc(C)c1,108-69-0,2.6400001
Clc1cc(Cl)cc(Cl)c1,108-70-3,3.8699999
Oc1cc(O)cc(O)c1,108-73-6,1.74
Cc1ccccc1,108-88-3,3.25
Cc1ccncc1,108-89-4,2.1199999
Clc1ccccc1,108-90-7,2.8699999
OC1CCCCC1,108-93-0,2.234
O=C1CCCCC1,108-94-1,1.767
Oc1ccccc1,108-95-2,2.6500001
Sc1ccccc1,108-98-5,4.6599998
CN1CCNCC1,109-01-3,2.04
Brc1ncccc1,109-04-6,2.46
Cc1ncccc1,109-06-8,1.99
Cc1nccnc1,109-08-0,1.91
Clc1ncccc1,109-09-1,2.1600001
O=C(OCCCC)CCC,109-21-7,3.516
S=C(NCCCC)NCCCC,109-46-6,3.8599999
O=C(CCC=C)C,109-49-9,1.86
OC(C#CCC)C,109-50-2,3.5109999
O=C(O)CCCC,109-52-4,2.733
O=C(OCCC)C,109-60-4,1.762
ClCCCC,109-69-3,2.0899999
N#CCCC,109-74-0,1.559
N#CCC=C,109-75-1,1.521
N#CCC#N,109-77-3,3.22
OCCNC,109-83-1,1.1799999
O(CCN)C,109-85-3,1.21
o1cccc1,110-00-9,1.35
s1cccc1,110-02-1,1.5599999
O=C(CCC(C)C)C,110-12-3,2.3540001
O=C(CCC(=O)C)C,110-13-4,1.597
O=C(O)CCC(=O)O,110-15-6,2.0610001
O=C(NCNC(=O)C=C)C=C,110-26-9,2.4849999
O=C(OCC)CCCCCCCCC(=O)OCC,110-40-7,4.3540001
O=C(OC)CCCCCCCCC,110-42-9,4.3779998
BrCCCCC,110-53-2,3.484
C(CCC)CC,110-54-3,3.72
ClC/C=C/CCl,110-57-6,3.77
NCCCCC,110-58-7,2.5150001
N#CCCCC,110-59-8,1.993
N#CCCC#N,110-61-2,1.176
O=CCCCC,110-62-3,2.9779999
OCCCCO,110-63-4,0.764
OCC#CCO,110-65-6,1.1160001
N(CCCC)C,110-68-9,2.322
O=COCCC,110-74-7,1.978
n1ccccc1,110-86-1,1.6799999
O=C(CC/C=C(\C)/C)C,110-93-0,2.5480001
O=C(O)CCCC(=O)O,110-94-1,2.3610001
O=C(OC)CCCCCCC,111-11-5,3.536
O=C(OC)C#CCCCCC,111-12-6,4.04
O=C(CCCCCC)C,111-13-7,2.855
O=C(O)CCCCCC,111-14-8,2.8870001
O=C(O)CCCCCC(=O)O,111-16-0,2.4159999
BrCCCCCC,111-25-1,3.937
NCCCCCC,111-26-2,2.78
OCCCCCC,111-27-3,2.6210001
OCCCCCO,111-29-5,1.066
OCCNCCO,111-42-2,1.206
NCCCCCCC,111-68-2,3.211
N#CCCCCC#N,111-69-3,1.462
OCCCCCCC,111-70-6,3.105
O=CCCCCCC,111-71-7,2.9979999
O=C(OC)C#CCCCCCC,111-80-8,4.3200002
BrCCCCCCCC,111-83-1,4.8699999
ClCCCCCCCC,111-85-3,3.6700001
NCCCCCCCC,111-86-4,3.3510001
OCCCCCCCC,111-87-5,3.5829999
O=C(O)CCCCCCCC,112-05-0,3.3510001
O=C(CCCCCCCCC)C,112-12-9,4.5349998
O=C(OCCCCCCCC)C,112-14-1,4.0570002
O=C(OCCCCCCCCCC)C,112-17-4,4.8800001
NCCCCCCCCC,112-20-9,4.7010002
OCCCCCCCCCC,112-30-1,4.335
OCCCCCCCCCCC,112-42-5,4.9549999
O=CCCCCCCCCCC,112-44-7,4.6900001
OCCCCCCCCCCO,112-47-0,3.224
OC(C=C)(C)C,115-18-4,1.6109999
OC(C#C)(C)C,115-19-5,1.689
ClC(Cl)(Cl)CO,115-20-8,2.5350001
P(=O)(Oc1ccccc1)(Oc1ccccc1)Oc1ccccc1,115-86-6,4.8099999
Clc1c([N+](=O)[O-])c(Cl)c(Cl)cc1Cl,117-18-0,4.8200002
ClC1=C(Cl)C(=O)c2c(C1=O)cccc2,117-80-6,6.3600001
O=C(c1c(O)cccc1)c1ccccc1,117-99-7,4.23
Brc1c(O)c(Br)cc(Br)c1,118-79-6,4.9099998
Clc1c(C(=O)O)cccc1,118-91-2,2.55
O=[N+]([O-])c1c(O)ccc(C)c1,119-33-5,3.5699999
O=C(/C(=N/O)/C)c1ccccc1,119-51-7,2.96
O=C(c1ccccc1)c1ccccc1,119-61-9,3.8699999
O=C(OCC)c1ccc(O)cc1,120-47-8,3.5699999
O=C(OCC(C)C)c1ccccc1,120-50-3,3.98
O=C(OCc1ccccc1)c1ccccc1,120-51-4,4.4499998
[nH]1c2c(cc1)cccc2,120-72-9,3.21
Oc1c(O)cccc1,120-80-9,3.75
O=[N+]([O-])c1c(C)ccc([N+](=O)[O-])c1,121-14-2,3.8699999
Clc1c([N+](=O)[O-])cc(C(F)(F)F)cc1,121-17-5,3.8499999
O=Cc1cc(OCC)c(O)cc1,121-32-4,3.02
O=Cc1cc(OC)c(O)cc1,121-33-5,2.97
N(C)(C)c1ccccc1,121-69-7,3.28
Clc1cc([N+](=O)[O-])ccc1,121-73-3,3.73
O=[N+]([O-])c1cc(C(=O)C)ccc1,121-89-1,3.3199999
O=Cc1ccc(C(C)C)cc1,122-03-2,3.6700001
O=CCc1ccccc1,122-78-1,3.8699999
O(CCCC)c1ccc(O)cc1,122-94-1,3.7
OCCCc1ccccc1,122-97-4,2.79
O=Cc1ccc(OC)cc1,123-11-5,2.9530001
O=CC(CCC)C,123-15-9,2.526
O=C(CCC)CCC,123-19-3,2.3310001
O=C(OC=C)CCC,123-20-6,2.618
Oc1ccc(N)cc1,123-30-8,2.9200001
Oc1ccc(O)cc1,123-31-9,3.47
O=CCC,123-38-6,2.5150001
OCCC(C)C,123-51-3,1.964
O=C(OCC)CCCCC,123-66-0,3.0639999
O=C(OCC=C)CCCCC,123-68-2,3.2130001
O=CCCC,123-72-8,2.6199999
O=C/C=C/C,123-73-9,4.0599999
O=C(OCCCC)C,123-86-4,2.5139999
OC(CCCCCC)C,123-96-6,3
O=C(O)CCCCC(=O)O,124-04-9,2.3940001
O=C(O)CCCCCCC,124-07-2,3.0810001
N#CCCCCCCC,124-12-9,3.283
O=CCCCCCCCC,124-19-6,3.8080001
OCC(N)(C)C,124-68-5,1.069
OC1C2(C)C(C)(C)C(C1)CC2,124-76-5,3.1500001
N#CC(=C)C,126-98-7,1.347
ClCC(O)C,127-00-4,1.508
O/N=C(\C)/C,127-06-0,1.752
O=C(N(C)C)C,127-19-5,1.051
Oc1c(C(C)(C)C)cc(C)cc1C(C)(C)C,128-37-0,4.79
O=C1c2c(C(=O)C=C1)cccc2,130-15-4,5
O=C(OCCC)c1c(C(=O)OCCC)cccc1,131-16-8,3.98
O=C(c1c(O)cc(O)cc1)c1c(O)cc(O)cc1,131-55-5,3.96
O=C(c1c(O)cc(O)cc1)c1ccccc1,131-56-6,4.3699999
O=C(c1c(O)cc(OC)cc1)c1ccccc1,131-57-7,4.4200001
O=C(c1c(C)cccc1)c1ccccc1,131-58-8,4.3699999
o1c2c(c3c1cccc3)cccc2,132-64-9,4.4200001
O=C(OCC)C(C(=O)OCC)CCCC,133-08-4,3.5569999
O=C(Oc1ccccc1)c1c(O)cc(N)cc1,133-11-9,4.4099998
O=Cc1cc(OC)c(O)c(OC)c1,134-96-3,3.1700001
O=Cc1c(OC)cccc1,135-02-4,3.1500001
O=C(Oc1cc(O)ccc1)c1ccccc1,136-36-7,4.1100001
O=C(OCCCC)c1ccccc1,136-60-7,3.9200001
Oc1c(CCCCCC)ccc(O)c1,136-77-6,4.8000002
Clc1c(O)cc(O)c(Cl)c1,137-19-9,3.97
OCC(CC)C,137-32-6,2.0469999
O=Cc1cc(O)c(O)cc1,139-85-5,3.1070001
O=C(OCCc1ccccc1)CC(C)C,140-26-1,4.0999999
N#CCc1ccccc1,140-29-4,2.6400001
NCCN1CCNCC1,140-31-8,2.21
Clc1ccc(CC#N)cc1,140-53-4,3.6600001
O=C(OCC)C=C,140-88-5,3.52
O=C(OCCCC)CCC(=O)OCCCC,141-03-7,3.5120001
O=C(OCCC)CCCC,141-06-0,3.0090001
O=C(OCC)CCCCC(=O)OCC,141-28-6,2.8740001
O=C(OCCCC)C=C,141-32-2,3.52
OCCN,141-43-5,1.115
O=C(OCC)C,141-78-6,1.7029999
O=C(OCCCCCC)C(=C)C,142-09-6,4.0900002
O=C(OCC=C)CCCCCC,142-19-8,3.7279999
OC(C#CC(O)(C)C)(C)C,142-30-3,1.415
ClC(=O)CCCCC,142-61-0,3.3399999
O=C(O)CCCCC,142-62-1,2.7920001
O=C/C=C/C=C/C,142-83-6,3.74
O=C(OCCCCCC)C,142-92-7,2.9909999
OCCCCCCCCC,143-08-8,3.855
ICC(=O)N,144-48-9,4.8540001
O=Cc1c(O)c(OC)ccc1,148-53-8,3.3770001
O=C(O)C(CCCC)CC,149-57-5,3.076
O(C)c1cc(O)ccc1,150-19-6,2.6700001
O=C(O)Cc1ccc(O)cc1,156-38-7,1.5
Clc1ccc(CCN)cc1,156-41-2,3.1400001
OCCCN,156-87-6,1.308
n1c2c(c3c(nccc3)cc2)ccc1,230-07-9,4.1399999
n1c2c3c(ccc2ccc1)cccc3,230-27-3,4.3099999
n1c2c3c(nccc3)ccc2ccc1,230-46-6,4.0700002
n1ncc2c(c1)cccc2,253-52-1,2.6600001
n1c2c(cnc1)cccc2,253-82-7,2.71
n1c2c(cc3c1cccc3)cccc2,260-94-6,4.4000001
o1c2c(cc1)cccc2,271-89-6,2.8900001
[nH]1nccc1,288-13-1,1.29
[nH]1cncc1,288-32-4,2
n1ncccc1,289-80-5,1.59
n1cnccc1,289-95-2,1.25
n1ccncc1,290-37-9,1.1799999
C(=C)Cc1ccccc1,300-57-2,3.1900001
Ic1c(O)c(I)cc([N+](=O)[O-])c1,305-85-1,4.8099999
Fc1c(F)c(F)cc(F)c1[N+](=O)[O-],314-41-0,4.8699999
Brc1cc(F)c(O)c([N+](=O)[O-])c1,320-76-3,4.6199999
Clc1cc(C(=O)O)c(O)cc1,321-14-2,2.5999999
Fc1c2c(ccc1)cccc2,321-38-0,3.3900001
Fc1ccc(-c2ccccc2)cc1,324-74-3,3.53
Fc1c([N+](=O)[O-])cc([N+](=O)[O-])c(F)c1,327-92-4,5.0799999
O=[N+]([O-])c1c(O)cc([N+](=O)[O-])cc1,329-71-5,4.04
O=C(O)CCCCCCCCC,334-48-5,3.506
Clc1c(F)ccc([N+](=O)[O-])c1,350-30-1,3.8
Fc1ccc([N+](=O)[O-])cc1,350-46-9,3.0999999
S(CC)CC,352-93-2,2.02
Fc1c([N+](=O)[O-])cc(F)cc1,364-74-9,3.3299999
Fc1c(O)ccc(F)c1,367-27-1,3.5999999
Fc1c([N+](=O)[O-])cc([N+](=O)[O-])c(N)c1,367-81-7,4.6900001
Fc1ccc(N)cc1,371-40-4,3.5899999
Fc1ccc(O)cc1,371-41-5,3.02
Fc1ncccc1,372-48-5,1.8
Clc1c(O)c(Cl)cc(F)c1,392-71-2,3.8
FC(F)(F)c1c(N)ccc(F)c1,393-39-5,2.98
Fc1cc([N+](=O)[O-])c(O)cc1,394-33-2,4.3800001
FC(F)(F)c1ccc(O)cc1,402-45-9,3.6199999
Fc1cc([N+](=O)[O-])ccc1,402-67-5,3.2
Fc1c(O)ccc([N+](=O)[O-])c1,403-19-0,4.0700002
O=C(C(=O)C)C,431-03-8,2.77
FC(F)(F)C(=O)c1ccccc1,434-45-7,2.99
Fc1c(F)c(F)c(CO)c(F)c1F,440-60-8,2.8
Fc1cc(O)c([N+](=O)[O-])cc1,446-36-6,4.1199999
Fc1c(CO)cccc1,446-51-5,2.3299999
Fc1c(C=O)cccc1,446-52-6,3.079
Fc1ccc(C(=O)OCC)cc1,451-46-7,3.01
Oc1c(O)ccc(C)c1,452-86-8,3.3699999
Fc1cc(CO)ccc1,456-47-3,2.6099999
Fc1ccc(CO)cc1,459-56-3,2.3800001
Fc1ccc(C=O)cc1,459-57-4,2.8729999
O=C(CCCCCC)CCCCCC,462-18-0,4.5209999
O=C1c2c(O)ccc(O)c2C(=O)C=C1,475-38-7,5.8299999
O=C1c2c(O)cccc2C(=O)C=C1,481-39-0,6.3299999
O=C1C(C)=CC(=O)c2c(O)cccc12,481-42-5,5.1999998
O=Cc1c(O)cc(O)cc1O,487-70-7,3.128
O=Cc1c(O)c(OCC)ccc1,492-88-6,3.8499999
c1(-c2sccc2)sccc1,492-97-7,4.04
O=C(NO)c1ccccc1,495-18-1,3.3800001
O=C/C(=C\C)/C,497-03-0,2.8599999
O=C(C)c1cc(OC)c(O)cc1,498-02-2,2.8800001
O=Cc1cocc1,498-60-2,3
O=Cc1cscc1,498-62-4,3.4000001
O=Cc1cnccc1,500-22-1,2.8699999
OCCc1ccc(O)cc1,501-94-0,2.1700001
O=C1OCCCCC1,502-44-3,1.739
O=C(O)CC(C)C,503-74-2,2.6589999
O=C1CC(=O)CCC1,504-02-9,2.0710001
S1CCSCC1,505-29-3,2.8900001
O=C(O)CCCCCCC(=O)O,505-48-6,2.4879999
P(=O)(OC)(OC)OC,512-56-1,1.1799999
OCC(=C)C,513-42-8,1.337
ClC(Cl)C(=O)C,513-88-2,3.641
O=C1C(=O)C=Cc2c1cccc2,524-42-5,6.1999998
O=C1c2c(OC(c3ccccc3)=C1)cccc2,525-82-6,4.4099998
Oc1c(C)c(C)c(O)c(C)c1C,527-18-4,4.2800002
Oc1c(C)cc(C)cc1C,527-60-6,3.4200001
O=[N+]([O-])c1c([N+](=O)[O-])cccc1,528-29-0,4.25
N#Cc1c(C)cccc1,529-19-1,2.76
S=C=NC(=O)c1ccccc1,532-55-8,3.0969999
BrC(C(=O)OCC)CC,533-68-6,3.7639999
Oc1c(O)ccc(O)c1,533-73-3,3.4400001
OCC(N)CO,534-03-2,1.324
ClCC(=O)CCl,534-07-6,5.046
S=C(NC)NC,534-13-4,1.89
O=[N+]([O-])c1c(O)c(C)cc([N+](=O)[O-])c1,534-52-1,4.73
BrC(C(=O)OCC)C,535-11-5,4.0570002
ClC(C(=O)OCC)C,535-13-7,2.569
Clc1cc(C(=O)O)ccc1,535-80-8,2.8699999
C(#C)c1ccccc1,536-74-3,2.8599999
O=C(OCCCC)/C=C/c1ccccc1,538-65-8,4.5300002
C(CCc1ccccc1)CC,538-68-1,4.79
BrCCC(=O)OCC,539-74-2,3.1259999
O=C(OCC)CCCC,539-82-2,2.642
O=C(OCC)CCC(=O)C,539-88-8,1.6
O=C(OCC(C)C)CC,540-42-1,2.3069999
BrCCO,540-51-2,2.154
O=C(OC(C)(C)C)C,540-88-5,1.51
O=C(N)CC(C)C,541-46-8,1.34
Clc1cc(Cl)ccc1,541-73-1,3.5599999
N#CCCC(C)C,542-54-1,2.214
O=COCC(C)C,542-55-2,1.692
S=C=NCC,542-85-8,4.6269999
OC(CCCCC)C,543-49-7,2.53
ClCCCCCC,544-10-5,3.78
N#CCCCC#N,544-13-8,1.363
ClC(Cl)(Cl)C#N,545-06-2,4.8829999
S=C=Nc1c2c(ccc1)cccc2,551-06-4,5.1370001
O=C(C)c1c(O)cc(OC)cc1,552-41-0,3.55
O=[N+]([O-])c1c(C=O)cccc1,552-89-6,3.1700001
Clc1c(N)ccc(Cl)c1,554-00-7,3.5599999
O=C(OC)CC,554-12-1,1.391
O=[N+]([O-])c1cc(O)ccc1,554-84-7,3.51
O=[N+]([O-])c1ccc(C=O)cc1,555-16-8,3.2
O=[N+]([O-])c1ccc(CC#N)cc1,555-21-5,3.1300001
ICC=C,556-56-9,3.796
OC/C=C(\C)/C,556-82-1,1.761
O=C/C=C/CC/C=C\CC,557-48-2,4.3400002
BrC[N+](=O)[O-],563-70-2,4.638
O=C(C(C)C)C,563-80-4,1.831
OC(C#C)C(C)C,565-68-4,2.973
BrC(C(=O)O)C(C)C,565-74-2,2.451
Cc1c2c(c(C)cc1)cccc2,571-58-4,4.4299998
Clc1c(Cl)cccc1O,576-24-9,4.2800002
Oc1c(C)cccc1C,576-26-1,2.9200001
Brc1c(Br)c(Br)c(C)c(O)c1Br,576-55-6,5.5700002
Brc1c([N+](=O)[O-])cccc1,577-19-5,3.75
O=[N+]([O-])c1c([N+](=O)[O-])ccc(O)c1,577-71-9,3.27
Nc1c(CC)cccc1CC,579-66-8,3.3099999
NCC(C)c1ccccc1,582-22-9,2.72
O=C(CO)c1ccccc1,582-24-1,3.0799999
Cc1c(C)ccnc1,583-58-4,2.5
O=C1C(C)CCCC1,583-60-8,2.1900001
Brc1c(O)ccc(O)c1,583-69-7,4.6799998
Clc1c(O)cc(Cl)cc1,583-78-8,4.1300001
OC(CC)CC,584-02-1,1.756
Brc1c([N+](=O)[O-])cc([N+](=O)[O-])cc1,584-48-5,5.3099999
BrC(C(=O)O)CCC,584-93-0,2.9579999
Oc1cc(C(C)(C)C)ccc1,585-34-2,3.74
BrC(C)c1ccccc1,585-71-7,2.3310001
Brc1cc([N+](=O)[O-])ccc1,585-79-5,4.0300002
Brc1ccc(C(C)C)cc1,586-61-8,3.8499999
Brc1ccc([N+](=O)[O-])cc1,586-78-7,3.3800001
Nc1cc(CC)ccc1,587-02-0,2.97
OCc1cc(C)ccc1,587-03-1,2.76
Clc1cc(C=O)ccc1,587-04-2,3.4059999
N(CCc1ccccc1)C,589-08-2,2.5899999
Nc1ccc(CC)cc1,589-16-2,3.03
O=C(OCC(C)C)/C=C/C,589-66-2,2.6600001
OC(CCCC)CC,589-82-2,2.51
OC(CCCCC)CC,589-98-0,2.9400001
O=C(OCCCC)CC,590-01-2,3.1700001
BrCC#N,590-17-0,5.2290001
O=CCC(C)C,590-86-3,2.6700001
BrCCC(=O)O,590-92-1,2.9560001
Brc1cc(O)ccc1,591-20-8,4.1500001
Oc1cc(N)ccc1,591-27-5,2.48
O=Cc1cc(OC)ccc1,591-31-1,3.23
Clc1cc(Cl)cc(O)c1,591-35-5,4.5599999
Ic1ccccc1,591-50-4,3.3599999
O=C(CCCC)C,591-78-6,1.6569999
O=C(OCC=C)C,591-87-7,3.48
O=C(OCCCC)N,592-35-8,2.0339999
S=C=NCCCC,592-82-5,4.7210002
O=C(CCCCCCCCCCC)C,593-08-8,5.119
NC(CC)(C)C,594-39-8,2.302
ClC(Cl)(Cl)C(=O)N,594-65-0,2.7119999
S(=O)(=O)(CC)CC,597-35-3,1.16
S(=O)(=O)(CCCC)CCCC,598-04-9,2.744
OC(C=C)C,598-32-3,1.947
ClC(Cl)CO,598-38-9,2.01
S=C(NC)N,598-52-7,1.63
O=C(OC)N,598-55-0,1.025
N(CC)(C)C,598-56-1,2.092
OC(C(C)C)C,598-75-4,2.0039999
O=C(OC)C(C)(C)C,598-98-1,1.72
S(=O)(=O)(CC)c1ccccc1,599-70-2,2.21
BrC(C(=O)OCC)(C)C,600-00-0,3.152
OC(C(C)C)C(C)C,600-36-2,2.2950001
O=[N+]([O-])c1c(O)cccc1O,601-89-8,3.6600001
O=[N+]([O-])c1c(N)c([N+](=O)[O-])ccc1,606-22-4,3.8399999
O=[N+]([O-])c1c(O)c2c(cc1)cccc2,607-24-9,4.3600001
O=[N+]([O-])c1c2c(nccc2)ccc1,607-34-1,3.3900001
O=[N+]([O-])c1c2ncccc2ccc1,607-35-2,3.0799999
O=C(OCC)C(C(=O)OCC)Cc1ccccc1,607-81-8,3.71
Oc1c(C)c(C)c(O)cc1,608-43-5,4.4099998
Brc1c(Br)c(Br)c(O)c(Br)c1Br,608-71-9,5.6599998
O=C(OCC)C(C(=O)OCC)C,609-08-5,2.4890001
BrC(C(=O)OCC)C(Br)C,609-11-0,4.4380002
BrC(C(=O)OCC)C(C)C,609-12-1,3.0209999
Ic1c(O)c(I)cc(I)c1,609-23-4,5.6700001
O=C(N)c1occc1,609-38-1,1.5599999
Clc1c(O)c([N+](=O)[O-])cc(Cl)c1,609-89-2,4.75
O=[N+]([O-])c1c(C(=O)N)cccc1,610-15-1,2.28
O=[N+]([O-])c1c([N+](=O)[O-])ccc(C)c1,610-39-9,4.52
Brc1c(C(=O)O)cc(Br)cc1,610-71-9,2.6900001
Clc1c([N+](=O)[O-])cc(O)cc1,610-78-6,4.27
Clc1c([N+](=O)[O-])ccc(Cl)c1,611-06-3,3.99
Oc1c(C#N)cccc1,611-20-1,3.04
O=[N+]([O-])c1c(C#N)cccc1,612-24-8,4.0799999
O=[N+]([O-])c1c(CO)cccc1,612-25-9,2.8499999
BrCC(=O)c1cc2c(cc1)cccc2,613-54-7,5.9590001
O=C(C#N)c1ccccc1,613-90-1,3.3099999
N(CC)(C)c1ccccc1,613-97-8,3.29
Ic1c(N)cccc1,615-43-0,3.3499999
Brc1c(O)ccc(Br)c1,615-58-7,4.4000001
Clc1c(N)ccc(C)c1,615-65-6,3.1800001
Clc1c(O)cc(C)cc1,615-74-7,3.54
BrC(C(=O)OCC)CCC,615-83-8,3.6989999
BrC(C(=O)O)CCCC,616-05-7,3.4549999
NC(CC)CC,616-24-0,2.187
OC(C=C)CC,616-25-1,1.653
OC(CN)CN,616-29-5,1.573
N(CC)(CC)C,616-39-7,2.244
Cc1cscc1,616-44-4,2.3
O=[N+]([O-])c1c(N)ccc(OCC)c1,616-86-4,3.76
OC(C)(C)c1ccccc1,617-94-7,2.4300001
NC(C)c1ccccc1,618-36-0,2.8199999
Oc1cc(C(C)C)ccc1,618-45-1,3.6099999
Brc1cc(Br)cc(C(=O)O)c1,618-58-6,3.46
Clc1cc(Cl)cc([N+](=O)[O-])c1,618-62-2,4.1300001
O=[N+]([O-])c1cc([N+](=O)[O-])cc(N)c1,618-87-1,3.9400001
Clc1c(O)ccc([N+](=O)[O-])c1,619-08-9,4.1799998
O=[N+]([O-])c1cc(C#N)ccc1,619-24-9,3.45
O=[N+]([O-])c1cc(CO)ccc1,619-25-0,2.78
Brc1ccc(C(=O)OC)cc1,619-42-1,3.5999999
O=[N+]([O-])c1ccc(C(=O)OC)cc1,619-50-1,3.3900001
Clc1ccc(C(=O)N)cc1,619-56-7,3.0899999
O=[N+]([O-])c1ccc(C#N)cc1,619-72-7,3.5699999
O=[N+]([O-])c1ccc(CO)cc1,619-73-8,3.1199999
O=[N+]([O-])c1ccc(C(=O)N)cc1,619-80-7,3.1800001
Oc1cc(CC)ccc1,620-17-7,3.29
N#Cc1cc(C)ccc1,620-22-4,2.75
O=Cc1cc(C)ccc1,620-23-5,3.0810001
OCc1cc(O)ccc1,620-24-6,1.98
BrCC(=O)Oc1ccccc1,620-72-4,5.0760002
O=[N+]([O-])c1ccc(Oc2ccccc2)cc1,620-88-2,4.5799999
C(c1cnccc1)c1ccccc1,620-95-1,3.6800001
O=C(Nc1cc(O)ccc1)C,621-42-1,2.8399999
O=Cc1cc(O)c(OC)cc1,621-59-0,2.8599999
S=C(NCc1ccccc1)N,621-83-0,3.6600001
O=C(N)COc1ccccc1,621-88-5,2.27
ClCCc1ccccc1,622-24-2,3.1700001
O/N=C\c1ccccc1,622-32-2,2.8900001
S(CC)c1ccccc1,622-38-8,3.3
O=C(Oc1ccccc1)N,622-46-8,2.6099999
O(CC)c1ccc(O)cc1,622-62-8,3.01
S=C=NCc1ccccc1,622-78-6,5.7399998
Clc1ccc(C#N)cc1,623-03-0,3
Clc1ccc(OC)cc1,623-12-1,3.5999999
O=Cc1ccc(C=O)cc1,623-27-8,2.914
O=C/C(=C/CC)/C,623-36-9,2.98
OC(CCC)CC,623-37-0,2.1500001
O=C(OC)CCC,623-42-7,1.7539999
O=C(OC)/C=C/C,623-43-8,2.0799999
O=C(OCC)C#C,623-47-2,4.6999998
ICC(=O)OCC,623-48-3,5.921
ClCCC(=O)OCC,623-71-2,2.5020001
[SH0](=O)(OCC)OCC,623-81-4,2.01
[SH0](=O)(OCCC)OCCC,623-98-3,3.086
BrC(CBr)CCCC,624-20-4,4.1459999
O=C(OC)CCCC,624-24-8,2.155
OC(CCCCCC)CC,624-51-1,3.3599999
O=C(OCCCCC)CC,624-54-4,2.957
O=CNN,624-84-0,2.1289999
OCCC(C)(C)C,624-95-3,2.263
N#CCC(C)C,625-28-5,2.1240001
NC(CCC)C,625-30-9,2.3150001
OC(CC=C)C,625-31-0,1.483
O=C(/C=C/C)C,625-33-2,3.54
O=C(O)CC=C,625-38-7,2.358
O=C(NCC)C,625-50-3,1.299
S=C(NCC)N,625-53-6,1.87
Cc1oc(C)cc1,625-86-5,2.52
Ic1cc(N)ccc1,626-01-7,3.6500001
Ic1cc(O)ccc1,626-02-8,4.1199999
OCCCC(C)C,626-89-1,2.3629999
OC(CCCC)C,626-93-7,2.0699999
ClCCCC(=O)O,627-00-9,2.323
O=[N+]([O-])CCCC,627-05-4,2.3099999
BrCCCO,627-18-9,2.0669999
OCCC=C,627-27-0,1.3049999
ClCCCO,627-30-5,1.601
N(CCC)C,627-35-0,2.191
O=C(N)CCCCC,628-02-4,2.092
O=C(OC/C=C/C)C,628-08-0,2.1300001
ClCCCC#N,628-20-6,2.0699999
S=C=NCCC,628-30-8,4.6929998
O=C(OCCCCC)C,628-63-7,3.1630001
N#CCCCCC,628-73-9,2.6240001
OC(CCCCCCC)C,628-99-9,3.618
BrCCCCCCC,629-04-9,4.487
N#CCCCCCC,629-08-3,2.763
S=C=NCCCCC,629-12-9,4.7059999
O=COCCCCCC,629-33-4,2.618
N#CCCCCCCC#N,629-40-3,2.23
N#CC(C)(C)C,630-18-2,1.675
BrC(Br)(C(=O)OCC)C(=O)OCC,631-22-1,5.1370001
Clc1c(Cl)c(N)ccc1Cl,634-67-3,4.3499999
Clc1cc(C=O)c(O)cc1,635-93-8,4.0089998
S=C(Nc1ccccc1)C,637-53-6,2.99
BrCCCc1ccccc1,637-59-2,3.6900001
O=C1CCC(=O)CC1,637-88-7,1.332
O=C(OCC)/C=C(\C)/C,638-10-8,2.52
ClC(=O)CCCC,638-29-9,2.655
O=COCCCCC,638-49-3,2.217
Nc1c(C(C)C)cccc1,643-28-7,3.1199999
Cc1ccc(-c2ccccc2)cc1,644-08-6,4.6599998
O=[N+]([O-])c1cc(C(=O)N)ccc1,645-09-0,2.8099999
Oc1ccc(CCC)cc1,645-56-7,3.6400001
N#CCCc1ccccc1,645-59-0,2.8399999
Fc1c(F)c(F)c(C=O)c(F)c1F,653-37-2,3.8199999
C(#Cc1ccccc1)C,673-32-5,3.1900001
BrCC(=O)N,683-57-8,4.5229998
ClC(Cl)C(=O)N,683-72-7,2.023
BrC(C(=O)OCC)C(=O)OCC,685-87-0,5.2150002
O=C(N(CC)CC)C,685-91-6,1.4579999
O=C(OCC(CCCC)CC)C(=C)C,688-84-6,4.5700002
O=C(O)CCCCCCCCCCC(=O)O,693-23-2,2.914
O=C(CCCCCCCC)C,693-54-9,3.582
O(CCCCC)CCCCC,693-65-2,4.0900002
Oc1c(C)c(C)cc(C)c1,697-82-5,3.3599999
O=[N+]([O-])/C=C/c1occc1,699-18-3,5.04
O=[N+]([O-])c1c(O)cc(C)cc1,700-38-9,3.5899999
O=[N+]([O-])c1c(O)cc(C=O)cc1,704-13-2,3.27
OC(CCC)Cc1ccccc1,705-73-7,3.1600001
O=C1OC(CCCCC)CCC1,705-86-2,2.9230001
O=C1OC(CCCCCC)CC1,706-14-9,3.493
O=Cc1c(O)ccc2c1cccc2,708-06-5,4.3200002
Ic1c([N+](=O)[O-])cc([N+](=O)[O-])cc1,709-49-9,5.1199999
Oc1c(C(C)(C)C)cc(C(C)(C)C)cc1C(C)(C)C,732-26-3,3.3599999
O=C(N)C(C)(C)C,754-10-9,1.5190001
O=C(N(C)C)CC,758-96-3,1.426
O(C(C)(C)C)C=O,762-75-4,1.628
O=C(NC(C)(C)C)C,762-84-5,1.842
OCCC(=C)C,763-32-6,1.8200001
OCC#CC,764-01-2,2.132
OCC#CCCC,764-60-3,2.6159999
Brc1sc(C)cc1,765-58-2,3.6500001
Clc1c(OC)cccc1,766-51-8,3.22
Clc1cc(C#N)ccc1,766-84-7,2.9400001
OCc1ccc(CC)cc1,768-59-2,3.0699999
OC12CC3CC(C1)CC(C2)C3,768-95-6,2.9200001
O=C1C(C#N)=C(C)C=C(C)N1,769-28-8,2.3
Fc1c(O)c(F)c(F)cc1F,769-39-1,4.1700001
O=C(OC=C)c1ccccc1,769-78-8,3.0799999
Nc1ccc(C(C)(C)C)cc1,769-92-6,3.3599999
Fc1c(F)c(F)c(O)c(F)c1F,771-61-9,4.6300001
Fc1c(F)c(O)c(F)c(F)c1O,771-63-1,4.8400002
Fc1c(F)c([N+](=O)[O-])ccc1F,771-69-7,4.8899999
OCCc1c2c(ccc1)cccc2,773-99-9,3.27
BrC(C(=O)C)C,814-75-5,4.8540001
BrCC(=O)CC,816-40-0,5.6020002
O=C(OC=C)CCCCCCC,818-44-0,2.7
O=C(OCCO)C=C,818-61-1,3.6900001
OCCCC=C,821-09-0,1.785
O=C(CCCCCCC)C,821-55-6,3.6600001
O(C)c1c(O)ccc(O)c1,824-46-4,5.1999998
Clc1c(O)cc(Cl)c(O)c1,824-69-1,4.8099999
Brc1c(N)c([N+](=O)[O-])cc(Br)c1,827-23-6,4.6199999
C(=C)c1cc2c(cc1)cccc2,827-54-3,4.2399998
O(c1ccc(O)cc1)c1ccccc1,831-82-3,4.3600001
O=C(c1c(O)cccc1)c1c(O)cccc1,835-11-0,4.1599998
O=[N+]([O-])c1ccc(Nc2ccccc2)cc1,836-30-6,4.8899999
O=C1C(c2ccccc2)=CC(=O)C(c2ccccc2)=C1,844-51-9,4.48
O=C(OCCO)C(=C)C,868-77-9,1.92
Brc1cscc1,872-31-1,2.96
C(C)c1sccc1,872-55-9,2.5699999
Clc1c(C#N)cccc1,873-32-5,3.28
Oc1cc(C#N)ccc1,873-62-1,2.9400001
Clc1cc(CO)ccc1,873-63-2,3.1500001
Clc1ccc(CO)cc1,873-76-7,3.25
Brc1c(N)c(Br)cc(Cl)c1,874-17-9,4.52
Clc1c(C=O)ccc(Cl)c1,874-42-0,4.04
S(CCC)c1ccccc1,874-79-3,3.8599999
O=C(C)c1c(C)cc(O)cc1,875-59-2,3.1900001
Cn1c(C)cc2c1cccc2,875-79-6,3.8399999
Cc1nc2c(cc(C)cc2)cc1,877-43-0,3.6800001
OCc1ccc(C(C)(C)C)cc1,877-65-6,3.48
Clc1c(Cl)c(Cl)cc([N+](=O)[O-])c1Cl,879-39-0,4.7800002
Fc1c(F)c(F)c([N+](=O)[O-])c(F)c1F,880-78-4,5.4299998
O=[N+]([O-])c1c(C)ccc2c1cccc2,881-03-8,4.04
O=CC(=C)CC,922-63-4,3.9100001
O=C(OC)C#C,922-67-8,4.77
OC(C=C)CC=C,924-41-4,3.25
O=C(OC)/C=C(\C)/C,924-50-5,1.9400001
O=C(OCCC)C=C,925-60-0,3.53
S=C(NCCC)N,927-67-3,2.3099999
ClCCCCO,928-51-8,2.2409999
OCCCCC#C,928-90-5,1.705
OCCC/C=C/C,928-92-7,2.2460001
OC/C=C/CCC,928-95-0,2.5280001
OCC/C=C\CC,928-96-1,2.191
O=C1C=CCC1,930-30-3,3.6400001
O=C(C)c1n(C)ccc1,932-16-1,2.3099999
O=C(C)c1cn(C)cc1,932-62-7,2
Clc1c(O)c(Cl)c(Cl)cc1Cl,935-95-5,5.2199998
O=C(NN)c1c(O)cccc1,936-02-7,3.1800001
O=C(NN)Cc1ccccc1,937-39-3,2.52
c1(-c2ccccc2)ccncc1,939-23-1,3.6600001
Clc1c([N+](=O)[O-])cc(C#N)cc1,939-80-0,4.71
O=C(OCC=C)C=C,999-55-3,3.6800001
O=C(OCC(O)C)C=C,999-61-1,3.6500001
OCCC#CCC,1002-28-4,1.976
O=Cc1[nH]ccc1,1003-29-8,2.52
N#Cc1sccc1,1003-31-2,2.24
O=C(CC)Cc1ccccc1,1007-32-5,2.79
c1(-c2ccccc2)ncccc1,1008-89-5,3.27
O=C(CCCC)c1ccccc1,1009-14-9,3.5599999
Clc1cc(C(=O)c2ccccc2)ccc1,1016-78-0,4.5500002
O=C(NN)C,1068-57-1,1.62
O=C(OCC)C(NC(=O)C)C(=O)OCC,1068-90-2,1.796
O=CC(=C)CCCC,1070-66-2,4.0700002
O=C(NN)CCCCC(=O)NN,1071-93-8,1.626
O=C(C)c1c[nH]cc1,1072-82-8,2.1500001
O=C(C)c1[nH]ccc1,1072-83-9,2.0899999
Oc1c(-c2ccccc2)cc(O)cc1,1079-21-6,5.0100002
P(=O)(OCC)(OCC)Cc1ccccc1,1080-32-6,2.5699999
O=C(OC)CCCC(=O)OC,1119-40-0,1.832
O=C(/C=C/CCC)C,1119-44-4,3.7
ClCCCCC(=O)O,1119-46-6,2.714
OC(CO)CCCCCCCC,1119-86-4,3.7639999
OC(CCCCCCCC)C,1120-06-5,3.99
O=C1C(C)=CCC1,1120-73-6,2.1700001
O=Cc1ncccc1,1121-60-4,2.8599999
O=C(C)c1ccncc1,1122-54-9,2.1300001
O=[N+]([O-])c1ccncc1,1122-61-8,3.4100001
Brc1ccc(C=O)cc1,1122-91-4,3.5869999
OCC(C)c1ccccc1,1123-85-9,2.5999999
Clc1c(O)cc(C)c(C)c1,1124-04-5,3.6900001
Clc1ccc(C(=O)OC)cc1,1126-46-1,3.4200001
C(C)c1c2c(ccc1)cccc2,1127-76-0,3.8900001
O=C(OC)c1ccc(C#N)cc1,1129-35-7,2.95
O=[N+]([O-])c1ccc(/C=N/O)cc1,1129-37-9,3.6800001
O=C(c1ccc(N)cc1)c1ccccc1,1137-41-3,3.6800001
Oc1cc(C(C)(C)C)cc(C(C)(C)C)c1,1138-52-9,4.6399999
O=C(c1c(O)c(O)c(O)cc1)c1ccccc1,1143-72-2,3.8800001
O=C(NC)CC,1187-58-2,1.474
O=C(C)c1occc1,1192-62-7,1.96
O=C(C)c1oc(C)cc1,1193-79-9,2.1700001
O=Cc1c(O)ccc(O)c1,1194-98-5,3.277
Oc1c(N)cc(C(C)(C)C)cc1,1199-46-8,3.3699999
O=C(C#C)C,1423-60-5,4.96
O=C(OC1=CCCCC1)C,1424-22-2,2.5999999
Fc1c(C)ccc([N+](=O)[O-])c1,1427-07-2,3.3299999
O=C(C)c1ccc(C#N)cc1,1443-80-7,2.6300001
O=C(C)c1c(O)ccc(C)c1,1450-72-2,3.3099999
BrCC(=O)c1cscc1,1468-82-2,5.2199998
O=C(OC)CCCCCCCCCCCC(=O)OC,1472-87-3,4.6539998
ClC/C=C\CCl,1476-11-5,4.0219998
C(=C)n1c2c(c3c1cccc3)cccc2,1484-13-5,5.2399998
O(Cc1ccccc1)c1cc(N)ccc1,1484-26-0,3.8800001
Fc1c([N+](=O)[O-])cccc1,1493-27-2,3.23
OCC#Cc1ccccc1,1504-58-1,3.0699999
S=C(NCCCC)N,1516-32-1,2.8099999
O(C)c1cc(C#N)ccc1,1527-89-5,3.01
OC(CC)(C)c1ccccc1,1565-75-9,3.0599999
OC(/C=C/C)C,1569-50-2,1.599
SC1CCCCC1,1569-69-3,2.9960001
Clc1cc(C)c(O)cc1,1570-64-5,3.7
O=C(OC)c1ccc(C=O)cc1,1571-08-0,3.3
OC/C=C\CC,1576-95-0,1.895
O=C(O)C/C=C/CC,1577-18-0,2.7780001
Brc1ccc(CC)cc1,1585-07-5,3.6700001
OCc1cc2c(cc1)cccc2,1592-38-7,3.3900001
ClC(C#N)C,1617-17-0,2.1370001
O=C(C=C)CC,1629-58-9,4.52
O=C(C=C)CCC,1629-60-3,4.6599998
SCCCCCCC,1639-09-4,4.02
OC(CCCCCCCCC)C,1653-30-1,4.5799999
OC(CCCCCCCCCCC)C,1653-31-2,5.1700001
O=C(OC(C)(C)C)C=C,1663-39-4,3.27
O=C(/C=C/CCCC)C,1669-44-9,3.74
O=C(CCCCCC)c1ccccc1,1671-75-6,4.5599999
O=C(CCCCCCC)c1ccccc1,1674-37-9,4.8899999
O=C(C#CCC)C,1679-36-3,4.3200002
O=C1C(C)CCO1,1679-47-6,1.8099999
O(C)c1c(O)cc(N)cc1,1687-53-2,3.45
Oc1ccc(N=Nc2ccccc2)cc1,1689-82-3,4.6599998
Brc1c(O)c(Br)cc(C#N)c1,1689-84-5,4.1599998
ClC(C(=O)C)C(=O)C,1694-29-7,4.4439998
O=C(OC)CCCCCCCC,1731-84-6,4.04
O=C(OC)CCCCCCCCCC,1731-86-8,4.4250002
O=C(OC)CCCCCCC(=O)OC,1732-09-8,3.296
Oc1c(CC=C)cccc1,1745-81-9,3.3299999
Brc1cc(C=O)c(O)cc1,1761-61-1,4.1069999
Oc1c(-c2c(O)cccc2)cccc1,1806-29-7,3.8800001
Brc1c(N)c([N+](=O)[O-])cc([N+](=O)[O-])c1,1817-73-8,4.2399998
Nc1c(CCC)cccc1,1821-39-2,3.0799999
S(C=C)c1ccccc1,1822-73-7,3.4200001
N#CC(C)c1ccccc1,1823-91-2,3.01
Fc1c(F)c(C#N)c(F)c(F)c1C#N,1835-49-0,5.5500002
O=CC#CCCCCC,1846-68-0,4.7199998
O=C(O)C#CCCCCCC,1846-70-4,3.714
O=C(O)/C=C/CCCCC,1871-67-6,3.2090001
Clc1ccc(CCO)cc1,1875-88-3,3.3199999
Oc1c(C(C)(C)C)cc(C)cc1C,1879-09-0,4.1599998
OCC(c1ccccc1)c1ccccc1,1883-32-5,3.6500001
N#Cc1c(N)cccc1,1885-29-6,2.5
Clc1c([N+](=O)[O-])cc(C#N)cc1[N+](=O)[O-],1930-72-9,5.6599998
O=C(OCC#C)CC,1932-92-9,2.345
ClCCCCCCO,2009-83-8,2.727
NCCCCCCCCCC,2016-57-1,5.0560002
Brc1c(Br)nc(Br)[nH]1,2034-22-2,4.4299998
O=[N+]([O-])c1c(C)ccc(O)c1,2042-14-0,3.74
N#CCCCc1ccccc1,2046-18-6,3.1500001
O=C(OCC)C(C(=O)OCC)CC=C,2049-80-1,2.944
O=C(OCCCCC)c1ccccc1,2049-96-9,4.3699999
O=C(OCC)CCCCCC(=O)OCC,2050-20-6,3.4070001
O=C(OCC)CCCCCCC(=O)OCC,2050-23-9,3.7019999
OC(CCCCCC)CCC,2051-31-2,3.8499999
O=C(OCC=C)CCC,2051-78-7,2.365
BrC(C(=O)O)(C)C,2052/1/9,2.4159999
BrCCCCC(=O)O,2067-33-6,2.3069999
O=[N+]([O-])c1cc(-c2ccccc2)ccc1,2113-58-8,4.5700002
C(c1ccncc1)c1ccccc1,2116-65-6,3.6300001
Clc1cc(O)c(O)cc1,2138-22-9,4.0599999
O=Cc1c(O)c(O)c(O)cc1,2144/8/3,3.0009999
O=C(OC)c1cc(O)cc(O)c1,2150-44-9,2.8599999
[SH0](=O)(CCCC)CCCC,2168-93-6,2.743
Clc1c(Cl)c(Cl)nc(Cl)c1Cl,2176-62-7,4.71
O=C(OC=C)C=C,2177-18-6,4.4200001
O=C(OCCC)C(=C)C,2210-28-8,2.3499999
O(C)c1c2c(ccc1)cccc2,2216-69-5,3.8
O=C(OCC)C#Cc1ccccc1,2216-94-6,4.6700001
S=C(N)c1ccccc1,2227-79-4,3.0899999
Clc1c(C(=O)C)ccc(Cl)c1,2234-16-4,3.6199999
N#Cc1cc(N)ccc1,2237-30-1,2.53
N#CCCCCCCCC,2243-27-8,3.625
N#CCCCCCCCCCC,2244/7/7,4.6500001
S=C=NCCc1ccccc1,2257/9/2,5.5380001
ClCC(=O)N(CC)CC,2315-36-8,3.5209999
O=C(OCCC)c1ccccc1,2315-68-6,3.4200001
Brc1cc(CO)c(O)cc1,2316-64-5,3.3399999
Brc1cc(C)c(O)c(C)c1,2374/5/2,4.1599998
Cc1c(C)nc2c(n1)cccc2,2379-55-7,3.25
Nc1cc(C(C)(C)C)cc(C(C)(C)C)c1,2380-36-1,4.4400001
O(C)c1c(O)ccc(CCO)c1,2380-78-1,2.8199999
O=C(C)c1c(C)[nH]cc1C,2386-25-6,2.6800001
O=C(OCC=C)CC,2408-20-0,2.1210001
Oc1c(C(C)(C)C)cc(C)cc1,2409-55-4,4.3000002
Oc1c(C)c(C)ccc1C,2416-94-6,3.28
BrCCC#N,2417-90-5,2.5
OCCCCCCc1ccccc1,2430-16-2,3.8699999
Oc1c(-c2ccccc2)cccc1-c1ccccc1,2432/11/3,5.1129999
N#CCCCCCCCCCCC,2437-25-4,4.9029999
Brc1c(O)c(Br)cc(Br)c1O,2437-49-2,4.0599999
Clc1c(C(=O)N)ccc(Cl)c1,2447-79-2,2.6400001
O=C(Cc1ccccc1)c1ccc(O)cc1,2491-32-9,4.0700002
O=C(OCc1ccccc1)C=C,2495-35-4,4.3499999
O=C(OCc1ccccc1)C(=C)C,2495-37-6,3.6500001
O=C(/C=C/C)CC,2497-21-4,3.9200001
O=C(OCCCCCCC)C=C,2499-58-3,4.0900002
O=C(OCCCCCC)C=C,2499-95-8,3.74
OCCCCCN,2508-29-4,1.235
O=C(OCC)c1ncccc1,2524-52-9,2.0799999
Clc1c([N+](=O)[O-])cc([N+](=O)[O-])cn1,2578-45-2,5.6399999
O=[N+]([O-])c1c(C)cc(O)cc1,2581-34-2,4.73
BrCCCC(=O)O,2623-87-2,2.2290001
S=C=NCCCc1ccccc1,2627-27-2,5.5380001
Ic1c(O)c(C=O)cc(I)c1,2631-77-8,5.3400002
Clc1c([N+](=O)[O-])c(Cl)c([N+](=O)[O-])cc1Cl,2678-21-9,5.5999999
O=C(N(C)C)C=C,2680/3/7,1.7640001
Clc1c(N)c([N+](=O)[O-])cc(Cl)c1,2683-43-4,4.2600002
Ic1oc(C=O)cc1,2689-65-8,3.3299999
N#C/C(/C#N)=C\c1ccccc1,2700-22-3,3.6400001
NCCc1ncccc1,2706-56-1,2.26
OCCC(C)c1ccccc1,2722-36-3,3.01
O=C(N)c1ccc(N)cc1,2835-68-9,2.0899999
Oc1c(C)cc(N)cc1,2835-96-3,4.3099999
Clc1cc(OC)ccc1,2845-89-8,3.29
OCCCc1cnccc1,2859-67-8,2.1600001
Brc1sc(Cl)cc1,2873-18-9,3.75
Fc1c(F)cc(F)c(F)n1,2875-18-5,2.3900001
Clc1c(C(=O)OC)cc(Cl)cc1,2905-69-3,3.8099999
N#Cc1ccc(-c2ccccc2)cc1,2920-38-9,4.2399998
OCc1c(-c2ccccc2)cccc1,2928-43-0,3.8199999
OC(CCC(O)C)C,2935-44-6,1.04
BrCCCC(=O)OCC,2969-81-5,2.971
Brc1c(O)c(Br)cc(C=O)c1,2973-77-5,3.8900001
NC(C#C)(C)C,2978-58-7,2.0899999
O=CCC(C)(C)C,2987-16-8,2.6259999
O=C(OCCCCC)C=C,2998-23-4,3.54
S(C#N)Cc1ccccc1,3012-37-1,4.0500002
ClC(Cl)C#N,3018-12-0,3.973
O=C(OC=C)CCCCC,3050-69-9,3.0799999
O=C(OC1CCCCC1)C=C,3066-71-5,3.76
O=[N+]([O-])c1cnc(N)nc1,3073-77-6,2.5699999
Oc1c(C)c(C)c(N)cc1,3096-69-3,4.4400001
Brc1cc(C=O)ccc1,3132-99-8,3.506
O=C(CC)c1occc1,3194-15-8,2.23
BrC(C(=O)OC)CC,3196-15-4,4.0240002
C(C)c1occc1,3208-16-0,2.48
Clc1c(Cl)cccc1[N+](=O)[O-],3209-22-1,4.0700002
Brc1cc(Cl)c(O)c(Cl)c1,3217-15-0,4.7800002
O=Cc1ccc(-c2ccccc2)cc1,3218-36-8,4.1199999
N#C/C(/C#N)=C\c1occc1,3237-22-7,3.9400001
O=C(CCC(=C)C)C,3240/9/3,2.125
BrC(Br)C#N,3252-43-5,5.3979998
NCCc1ccc(C)cc1,3261-62-9,2.96
O=[N+]([O-])c1c(O)c(O)c(O)c([N+](=O)[O-])c1,3264-71-9,4.1799998
O=[N+]([O-])c1cc(O)c(O)cc1,3316/9/4,4.1700001
OCCCCc1ccccc1,3360-41-6,3.1199999
BrCCC(=O)OC,3395-91-3,4.027
Brc1c([N+](=O)[O-])cc(Br)cc1,3460-18-2,4.3699999
Clc1c(N)c(Cl)c(Cl)cc1Cl,3481-20-7,4.7600002
Brc1c(F)c(F)nc(F)c1F,3511-90-8,2.8699999
Clc1c(N)c([N+](=O)[O-])cc([N+](=O)[O-])c1,3531-19-9,4.1199999
O=C(NN)CCC,3538-65-6,2.0280001
N#CCc1ccc(N)cc1,3544-25-0,2.24
S=C=NC(c1ccccc1)c1ccccc1,3550-21-8,6.0510001
OCc1ccc(-c2ccccc2)cc1,3597-91-9,3.9200001
BrC(C(=O)OCC)CBr,3674-13-3,5.2080002
Clc1c([N+](=O)[O-])cc([N+](=O)[O-])c(Cl)c1,3698-83-7,5.7199998
Ic1cc(F)cc([N+](=O)[O-])c1,3819-88-3,4.0900002
O=C/C=C/CCCCCCC,3913-81-3,4.8499999
BrCC(=O)Nc1c(O)ccc([N+](=O)[O-])c1,3947-58-8,3.8699999
Brc1ccc(C(C)(C)C)cc1,3972-65-4,3.75
C(C)(C)(C)c1ccncc1,3978-81-2,3.2
S=C=Nc1ccc(N=C=S)cc1,4044-65-9,6.3470001
ClC(C(=O)C)C,4091-39-8,3.2690001
O=[N+]([O-])c1c(O)c([N+](=O)[O-])cc(C(C)(C)C)c1,4097-49-8,4.8000002
O=[N+]([O-])c1cc([N+](=O)[O-])cc(C#N)c1,4110-35-4,4.2199998
OCC(N)CCC,4146/4/7,2.3280001
ClC(C(=O)O)CC,4170-24-5,2.648
OC(C#C)CC,4187-86-4,1.822
O=[N+]([O-])c1cnc(N)cc1,4214-76-0,3.22
Clc1cnc(O)cc1,4214-79-3,2.25
BrCCCCCC(=O)O,4224-70-8,3.0309999
O=C(OC=C)C(=C)C,4245-37-8,2.3800001
OC1Cc2c(cccc2)C1,4254-29-9,2.3099999
Cc1oc2c(c1)cccc2,4265-25-2,3.6199999
BrCCCCCCO,4286-55-9,3.007
O=C(C=C)CCCCC,4312-99-6,4.9200001
O=C/C=C/C=C/CC,4313/3/5,3.862
Clc1c([N+](=O)[O-])c(Cl)ncn1,4316-93-2,5.1199999
OC(C#C)(CCC)C,4339/5/3,2.0999999
O=C(OCC)C#CC,4341-76-8,3.51
N#C/C=C/c1ccccc1,4360-47-8,3.1600001
OC(C#CC)(CCC)C,4376-16-3,2.52
O(C)c1c(O)cc(CO)cc1,4383/6/6,2.01
S=C=NCCCCCC,4404-45-9,4.75
O(C)c1c(O)ccc(C#N)c1,4421/8/3,2.97
O=C(C(=O)CC)CC,4437-51-8,2.99
O=Cc1c(OC)cc(OC)c(OC)c1,4460-86-0,2.9000001
C(CC)Cc1occc1,4466-24-4,3.4400001
Brc1ncc([N+](=O)[O-])cc1,4487-59-6,4.0700002
N#Cc1[nH]ccc1,4513-94-4,2.4200001
O=[N+]([O-])c1sc(C=O)cc1,4521-33-9,4.98
Clc1ncc([N+](=O)[O-])cc1,4548-45-2,3.8
O=C(OCC)C(C#N)c1ccccc1,4553/7/5,2.98
O=C(/C=C/C)CCCC,4643-27-0,4.0100002
BrCC(O)CO,4704-77-2,1.79
O=Cc1c2c(c3c(c1)cccc3)cccc2,4707-71-5,4.7080002
Oc1c(C#N)c(C#N)c(O)cc1,4733-50-0,2.5599999
O=Cc1ccc(CC)cc1,4748-78-1,3.2909999
BrCCCCOC(=O)C,4753-59-7,3.392
OCc1c2c(ccc1)cccc2,4780-79-4,3.1300001
OC(C=C)CCC,4798-44-1,2.1889999
BrCCSc1ccccc1,4837/1/8,3.3900001
O=C(O)CC(CC(=O)O)(C)C,4839-46-7,2.336
C(CCc1sccc1)CC,4861-58-9,4.1999998
BrCCCC(=O)OC,4897-84-1,3.0680001
Clc1c(Cl)c(Cl)cc(O)c1Cl,4901-51-3,5.7199998
C(Cc1ccncc1)c1ccncc1,4916-57-8,2.97
O=[N+]([O-])c1c(O)cccc1C,4920-77-8,3.6099999
O=C(OCC(CCCC)CC)c1ccc(O)cc1,5153-25-3,5.5100002
Ic1c(CO)cccc1,5159-41-1,3.3299999
O=[N+]([O-])c1c(O)c(C=O)ccc1,5274-70-4,3.8699999
O=[N+]([O-])c1c(C(=O)OC)ccc(C(=O)OC)c1,5292-45-5,3.4300001
S(CC=C)c1ccccc1,5296-64-0,3.6900001
O(CC)c1c2c(ccc1)cccc2,5328/1/8,4.25
O=C(NCCC)C,5331-48-6,1.502
BrCCCC#N,5332/6/9,2.5350001
O(CCCN)C,5332-73-0,1.228
OC(Cc1ccccc1)(C)c1ccccc1,5342-87-0,3.8
O=C/C=C/C(C)C,5362-56-1,3.8199999
Clc1cc([N+](=O)[O-])c(N)c([N+](=O)[O-])c1,5388-62-5,4.1500001
OCCCC#C,5390/4/5,1.58
ClCC(=O)OCCC,5396-24-7,4.1799998
O=C(OCC)c1ccc(C(C)(C)C)cc1,5406-57-5,4.4200001
BrCCCCC#N,5414-21-1,2.7850001
O=[N+]([O-])c1cc(O)c(C)cc1,5428-54-6,3.6600001
BrC(C(=O)OC)C,5445-17-0,4.1799998
BrC(C(=O)OCC)CCCCCC,5445-29-4,4.5
O=C(OC)c1c(O)cc(OC)cc1,5446/2/6,3.6199999
O=[N+]([O-])c1cnc(OC)cc1,5446-92-4,2.99
BrC([N+](=O)[O-])(C)C,5447-97-2,4.8540001
O=[N+]([O-])c1c(C)c(O)ccc1,5460-31-1,3.78
Clc1c([N+](=O)[O-])cccn1,5470-18-8,3.8699999
O=C(CCc1ccc(O)cc1)C,5471-51-2,2.5
S(=O)(=O)(C=C)c1ccccc1,5535-48-8,4.2800002
OC/C=C/C#C,5557-88-0,2.4449999
Clc1nc(N)nc(C)c1,5600-21-5,2.53
S(CC#C)c1ccccc1,5651-88-7,3.54
O=C(OC1C2(C)C(C)(C)C(C1)CC2)C,5655-61-8,3.6800001
O=C(O)C#CCCCCC,5663-96-7,2.9430001
OCC(N)CCCC,5665-74-7,2.415
N(C)(C)c1ncccc1,5683-33-0,2.45
C(C)c1ccc(-c2ccccc2)cc1,5707-44-8,4.9699998
O=Cc1ccc(OCCCC)cc1,5736-88-9,3.7160001
O=Cc1ccc(OCCCCC)cc1,5736-91-4,4.1799998
OC(CCCCCCC)CCCCC,5770/3/6,5.2399998
Brc1ccc(C(=O)OCC)cc1,5798-75-4,4.3299999
O=C(N)c1sccc1,5813-89-8,2.03
O=C(OCC)/C(=C/C)/C,5837-78-5,2.5039999
ClCCC(=O)N,5875-24-1,1.409
BrC(C(=O)N)C,5875-25-2,3.0039999
Cc1c(C)nccn1,5910-89-4,2.1300001
OCC#CCCCCCC,5921-73-3,3.6489999
Clc1cc(C#N)c(N)cc1,5922-60-1,3.4400001
OC(CCC)C,6032-29-7,1.84
OC/C=C\CO,6117-80-2,0.85100001
OC/C=C/C,6117-91-5,1.528
O=C(CC(=O)C)CCCCC,6175-23-1,3.506
O=C(CCCCCCCCCC)C,6175-49-1,4.6700001
O=C/C=C/c1ccc(N(C)C)cc1,6203-18-5,3.52
OCC#CCC,6261-22-9,2.428
Clc1c(N)cc([N+](=O)[O-])cc1,6283-25-6,3.5999999
Clc1c([N+](=O)[O-])c(Cl)cc(Cl)c1[N+](=O)[O-],6284-83-9,5.1900001
BrCC(=O)C(=O)CBr,6305-43-7,4.7620001
O=C(OCC)CCC(=O)CCC(=O)OCC,6317-49-3,2.362
Clc1c([N+](=O)[O-])cc(O)c(N)c1,6358/7/2,4.1700001
Clc1c(O)c(N)cc([N+](=O)[O-])c1,6358/9/4,4.1999998
O=C(OCCC(C)C)c1ccc(O)cc1,6521-30-8,4.48
Clc1c(C#N)c(C)ccc1,6575/9/3,3.46
Brc1c(O)cccn1,6602-32-0,3.1500001
O=C(OC)/C(=C/C)/C,6622-76-0,2.3800001
Brc1c(O)ccc(C)c1,6627-55-0,3.5999999
Brc1c(C=O)cccc1,6630-33-7,3.477
Clc1c(O)cccn1,6636-78-8,2.99
Clc1c(Cl)cc(N)c([N+](=O)[O-])c1,6641-64-1,4.6599998
O=C(OCCCCCC)c1ccccc1,6789-88-4,4.9400001
O=C(OCC)C(C(=O)OCC)=C(C)C,6802-75-1,2.927
OC(CO)CCCC,6920-22-5,1.733
O=[N+]([O-])c1c(N)cc(C)c(C)c1,6972-71-0,3.45
O=C(C)c1[nH]c(C)cc1,6982-72-5,2.1700001
Clc1c(C)cc(O)c([N+](=O)[O-])c1,7147-89-9,4.6300001
Brc1c(C)cc([N+](=O)[O-])cc1,7149-70-4,4.1599998
O=C(OCC)c1ccc(C#N)cc1,7153-22-2,3.3699999
N#C/C=C/c1occc1,7187/1/1,2.6900001
N(CC#C)(C)C,7223-38-3,1.855
O=[N+]([O-])c1ccc(OCCCC)cc1,7244-78-2,4.4200001
Cc1nc2c(nc1)cccc2,7251-61-8,3.02
Clc1sc(C=O)cc1,7283-96-7,3.6199999
O=C(OCCCC)/C=C/C,7299-91-4,2.8399999
NCCCCCCCCCCC,7307-55-3,5.3280001
Clc1ccc(C(=O)OCC)cc1,7335-27-5,3.75
BrC/C=C/CC,7348-71-2,3.77
O=C(OC)/C=C/CCCCC,7367-81-9,3.77
OC(C#C)CCCC,7383-19-9,2.7349999
O=C(CC(=O)CC)CC,7424-54-6,2.618
O=C(OCC)C(CC)C,7452-79-1,2.1110001
ClC(C(=O)N)CC,7462-73-9,1.783
Brc1c(C)cc(O)cc1C,7463-51-6,4.27
Brc1cc(Cl)c(O)c(C)c1,7530-27-0,4.2800002
OC[C@@H](N)CC(C)C,7533-40-6,2.381
Brc1cc([N+](=O)[O-])c(O)cc1,7693-52-9,4.8699999
O=Cc1c2c(c(O)cc1)cccc2,7770-45-8,4.0500002
O=C(OCCC)/C=C/c1ccccc1,7778-83-8,4.23
O=Cc1ccc(OCC)cc1,10031-82-0,3.073
O=C(OCC(CC)CC)C,10031-87-5,2.8800001
O=C(OCC)C#CCCCCCC,10031-92-2,4.3800001
OC(CCCCCCCCCC)C,10203-28-8,4.6599998
OC(CCCCCCCC)CCC,10203-32-4,4.6500001
OCCC#CC,10229-10-4,1.825
O=C(OC(CC)C)/C=C/C,10371-45-6,2.5799999
O=C(OCC#C)C=C,10477-47-1,4.0599999
O=C(OCC)C#CCCCCC,10519-20-7,4.2399998
OCCCCCc1ccccc1,10521-91-2,3.4200001
BrCC(=O)c1sccc1,10531-41-6,5.2220001
Brc1sc([N+](=O)[O-])cc1,13195-50-1,4.4099998
NCCCCc1ccccc1,13214-66-9,3.6199999
S=C(NCCCCCCCC)N,13281-03-3,4.5100002
OCCCCN,13325-10-5,2.0250001
O=C(OC(C)C)CC#N,13361-30-3,2.05
O=C(OCC=C)CC#N,13361-32-5,2.21
O=C(OCC(CCCC)CC)CC#N,13361-34-7,3.8900001
ClCC(CO)(C)C,13401-56-4,2.2179999
ClCC(=O)C(C)(C)C,13547-70-1,4.2680001
Clc1c(Cl)c(C(=O)C)ccc1Cl,13608-87-2,4.3400002
O=Cc1cc(O)c(O)c(O)c1,13677-79-7,2.8039999
O=C(O)/C=C\CC,13991-37-2,2.723
ClC(C(=O)OCC)C(=O)OCC,14064-10-9,3.635
Clc1c(CC)cc(O)cc1,14143-32-9,4.0799999
Oc1ccc(CC#N)cc1,14191-95-8,2.6199999
O=C(/C=C/CCCCC)C,14309-57-0,3.98
N(CC)Cc1ccccc1,14321-27-8,3.22
O=C/C=C/c1ccccc1,14371-10-9,3.6800001
Brc1ccc(C(=O)c2cnccc2)cc1,14548-45-9,3.8199999
O=C(c1ccncc1)c1ccccc1,14548-46-0,2.9100001
O=C(OC=C)/C=C/C,14861-06-4,2.8499999
OC(Cc1ccccc1)C,14898-87-4,2.3800001
OCCC#CCCC,14916-79-1,2.677
OCCC#CCCCC,14916-80-4,3.017
Cc1c(C)cco1,14920-89-9,2.49
Oc1ccc(CCCCC)cc1,14938-35-3,4.5799999
O=[N+]([O-])c1c(O)cccn1,15128-82-2,3.8699999
O=[N+]([O-])c1c(O)ccc(C)n1,15128-90-2,3.3900001
O=C(OC=C)c1ccc(C(C)(C)C)cc1,15484-80-7,4.5700002
O=C(OCCCCCCCC)CC#N,15666-97-4,3.9000001
BrCCCCCOC(=O)C,15848-22-3,3.293
Brc1cc(CO)ccc1,15852-73-0,3.3699999
O=C(OCCCC)CCCCCCC(=O)OCCCC,16090-77-0,4.6560001
O=C(OCC)C#CCCC,16205-90-6,3.7
S(=O)(=O)(CC=C)c1ccccc1,16212-05-8,3.3099999
Nc1ccc(CCCCCCCC)cc1,16245-79-7,5.4299998
OCC(N)C(C)C,16369-05-4,2.415
OCCNCCC,16369-21-4,1.316
N#CC/C=C/C,16529-66-1,2.0469999
Brc1ccc(CC#N)cc1,16532-79-9,3.5999999
Clc1c([N+](=O)[O-])cc(C=O)cc1,16588-34-4,4.1900001
O=C(OCC)C#CCCCC,16930-95-3,4.1100001
S=C=NCc1c2c(ccc1)cccc2,17112-82-2,6.0560002
O=C(N)c1c(C#N)cccc1,17174-98-0,2.6800001
BrC(C(=O)C(Br)(C)C)(C)C,17346-16-6,3.513
O=C(OCCCCCCCCCC)CC#N,17686-43-0,4.6999998
BrCCCCCCCC(=O)O,17696-11-6,4.323
O=C(Oc1ccccc1)c1ccc(O)cc1,17696-62-7,4.3699999
O=C(OC(C)C)/C=C/C,18060-77-0,2.2179999
O=C(OC)c1ccc(NC)cc1,18358-63-9,3.3099999
Cl/C(/C=O)=C\c1ccccc1,18365-42-9,4.73
Clc1nc(C)ccc1,18368-63-3,2.52
OC/C=C/CCCCC,18409-17-1,3.365
Clc1c([N+](=O)[O-])c(Cl)cc(Cl)c1,18708-70-8,4.4299998
O=C/C=C/CCCC,18829-55-5,4.0500002
O=C/C=C/CCCCCC,18829-56-6,4.5999999
O=C(OC)C#CCCC,18937-79-6,3.76
O(CCC)c1ccc(O)cc1,18979-50-5,3.52
O(CCCCC)c1ccc(O)cc1,18979-53-8,4.3600001
O(CCCCCC)c1ccc(O)cc1,18979-55-0,4.6399999
Brc1c(CO)cccc1,18982-54-2,3.0999999
BrCC(=O)Oc1ccc([N+](=O)[O-])cc1,19199-82-7,4.8099999
S=C=Nc1c(C)cccc1C,19241-16-8,4.4949999
Brc1c(Cl)cccc1Cl,19393-92-1,4.3400002
O=C(OC)c1cc(O)ccc1,19438-10-9,2.95
BrC(C#N)C,19481-82-4,3.6259999
S=C=NC(=O)/C=C/c1ccccc1,19495-08-0,3.2920001
Brc1ccncc1,19524-06-2,2.4400001
BrCC(O)C,19686-73-8,1.812
OC(CC#C)CC,19780-84-8,1.596
OC(CC#CCC)C,19781-81-8,2.3840001
OCCC(c1ccccc1)c1ccccc1,20017-67-8,4.04
Clc1c(Cl)cc([N+](=O)[O-])cc1Cl,20098-48-0,4.5500002
ClCCCCCOC(=O)C,20395-28-2,2.869
[SH0](=O)(C=C)c1ccccc1,20451-53-0,3.1600001
O=C(OCC=C)/C=C/C,20474-93-5,2.5190001
O=C(OC(C)(C)C)CC,20487-40-5,2.5910001
O=C(OC)C/C=C/C,20515-19-9,2.724
Cc1c(C)nc(C)o1,20662-84-4,1.99
OC(C#CC)CC,20739-59-7,2.8050001
S=C(NCCCCCC)N,21071-27-2,3.8599999
Clc1oc(C=O)cc1,21508-19-0,3.0699999
O=CCCCCC/C=C\CC,21661-97-2,3.9489999
O=[N+]([O-])c1c(O)nccc1C,21901-18-8,2.5
O=[N+]([O-])c1c(C)cc(N)nc1,21901-40-6,3.3699999
O=[N+]([O-])c1c(C)cc(O)nc1,21901-41-7,2.8299999
Brc1cocc1,22037-28-1,2.52
OC/C=C/CCCCCC,22104-79-6,3.77
OC/C=C/CCCCCCC,22104-80-9,4.1279998
OC/C=C\CCCCCCCCC,22104-81-0,5.092
OC(CCC)c1ccccc1,22135-49-5,2.9100001
ClCCCCCCC#N,22819-91-6,3.2869999
Clc1ncc([N+](=O)[O-])c(C)c1,23056-33-9,3.4200001
Clc1c([N+](=O)[O-])c(C)ccn1,23056-39-5,3.29
ClCCCCCCCCO,23144-52-7,3.4879999
O=C(OC)C#CC,23326-27-4,3.4000001
O=C(OC)c1ccc(OCC)cc1,23676-08-6,3.5799999
S=C=N[C@@H](C)c1ccccc1,24277-43-8,5.6989999
Nc1c(C(C)C)cccc1C(C)C,24544-04-5,3.76
OCC(N)C(CC)C,24629-25-2,2.3410001
O=Cc1c(O)c(O)ccc1,24677-78-9,3.1110001
O=C(OCC)CC(O)C,24915-95-5,1.47
O=Cc1cc(C#N)ccc1,24964-64-5,2.98
BrCCCCCC(=O)OCC,25542-62-5,3.5940001
OC(CO)CC,26171-83-5,0.95200002
O=C(OC)c1ccc(C(C)(C)C)cc1,26537-19-9,3.9200001
OCC(CN)(C)C,26734-09-8,2.075
ClC(C(=O)N)C,27816-36-0,1.558
Clc1c([N+](=O)[O-])c([N+](=O)[O-])cc(Cl)c1,28689-08-9,5.4200001
Oc1c(Cc2ccccc2)cccc1,28994-41-4,4.3099999
BrCC(=O)C=1C(=O)Oc2c(cccc2)C=1,29310-88-1,5.658
OC(C(c1ccccc1)c1ccccc1)C,29338-49-6,3.75
Brc1ccc(-c2ccc(O)cc2)cc1,29558-77-8,5.3099999
O=[N+]([O-])c1c(O)c([N+](=O)[O-])cc([N+](=O)[O-])c1,29663-11-4,2.8399999
O=Cc1cc(OC)c(OC)c(O)c1,29865-90-5,2.6099999
O=Cc1cc2c(-c3c(cccc3)C2)cc1,30084-90-3,4.4990001
OCCC#CCCCCC,31333-13-8,3.3399999
OC/C=C/CCCCCC,31502-14-4,3.7520001
O=C(CC#N)c1occc1,31909-58-7,3.3
O=C(OCC)/C=C(\OCC)/OCC,32002-24-7,2.3499999
OC(C#CCC)CC,32398-69-9,2.9660001
OC/C=C/CCCC,33467-76-4,3.0450001
Clc1cc(Cl)cc(OC)c1,33719-74-3,3.9300001
O=Cc1c2c(c(C)cc1)cccc2,33738-48-6,4.1230001
NC(CC)C,33966-50-6,2.329
O=C(OCC#CC)C,34485-37-5,2.1170001
N(CC#C)C,35161-71-8,2.0179999
O=Cc1c(C)ccc2c1cccc2,35699-44-6,4.2309999
O=[N+]([O-])c1c(N)c2c(nccc2)cc1,35975-00-9,3.9200001
O=C(C)c1c(O)cc(C)c(C)c1,36436-65-4,3.71
O=C1OC(C)C1,36536-46-6,2.2409999
O(CC(N)C)C,37143-54-7,2.1670001
Clc1c(O)c(OC)ccc1C=O,37687-57-3,3.204
O=C(OCCCCCCCCC)c1ccc(O)cc1,38713-56-3,5.6300001
O=C/C=C/c1occc1,39511-08-5,3.3699999
O(CCCCC)c1ccc(N)cc1,39905-50-5,3.97
O(CCCCCC)c1ccc(N)cc1,39905-57-2,4.3800001
O=C(OCC)Cc1cnccc1,39931-77-6,2.0599999
Brc1c(Cl)scc1,40032-73-3,3.73
OC(CO)CNC,40137-22-2,1.466
O=C(N)c1c(O)ccc(C(=O)C)c1,40187-51-7,2.9000001
O=C(OCC)CC(=O)CCCC(=O)OCC,40420-22-2,2.622
Clc1cc(C(=O)N)c([N+](=O)[O-])cc1,40763-96-0,2.6800001
BrCC(CO)(C)C,40894-00-6,2.54
Oc1c(N)cc(C)cc1C,41458-65-5,3.8900001
Clc1cc([N+](=O)[O-])c(C(=O)OC)cc1,42087-80-9,3.8199999
O=[N+]([O-])c1c(C=O)cc(O)cc1,42454-06-8,3.3299999
O(CCO)c1cc(O)ccc1,49650-88-6,2.1300001
Clc1sc(C#N)cc1,50478-16-5,2.9200001
Clc1c([N+](=O)[O-])cc([N+](=O)[O-])c(C)c1,51676-74-5,5.3299999
OCCC#CCCCCCC,51721-39-2,4.1269999
Ic1ccc(C(=O)OCC)cc1,51934-41-9,4.5300002
O=C(OC1CCCCC1)CC#N,52688-11-6,2.9100001
S=C=NCCCN=C=S,52714-52-0,5.7199998
Oc1c(C)c(N)ccc1,53222-92-7,2.45
OC(CC#CCC)CC,53723-18-5,2.6240001
OC(CC#CCCC)CC,53723-19-6,2.9579999
O=C(OC)C(CC)C,53955-81-0,1.835
Clc1c(Cl)c(OC)ccc1Cl,54135-80-7,4.6399999
OCCC#CCCCCCCCCCC,55182-74-6,5.3769999
O=C(OCC)C#CCC,55314-57-3,3.8199999
Brc1c(O)c(-c2ccccc2)cc(Br)c1,55815-20-8,5.21
O=C(OCC)CC(O)C,56816-01-4,1.47
Clc1c(Cl)cc(Cl)cc1C=O,56961-75-2,4.7199998
Brc1c(Cl)c(Cl)ccc1,56961-77-4,4.3000002
Clc1c(C=O)ccc(O)c1,56962-11-9,3.8900001
O=C(OCC)Cc1sccc1,57382-97-5,3.27
O=C(OCC=C)CCCCCCCCC,57856-81-2,3.48
OCC(CCC)CCC,58175-57-8,3.1340001
O=C(OCC)Cc1cc(OC)c(O)cc1,60563-13-5,2.77
Clc1c(N)c(Cl)ccc1C,64063-37-2,3.6900001
Clc1cc(OC)cc(O)c1,65262-96-6,3.76
OC(C#C)C,65337-13-5,2.598
O(CC)c1c(OC)ccc(O)c1,65383-57-5,2.7
O=CCC/C=C/CCCCC,65405-70-1,4.2080002
OC(C(C)(C)C)(CC)CC,66793-96-2,2.8310001
O=Cc1c(C)[nH]cn1,68282-53-1,2.0699999
S(Cc1ccccc1)c1c([N+](=O)[O-])cccn1,69212-31-3,4.7199998
O=[N+]([O-])c1cc([N+](=O)[O-])cc(CO)c1,71022-43-0,3.53
O=C(OC(C)(C)C)/C=C/C,79218-15-8,2.3610001
BrCC(=O)c1c2c3c4c(cc2)cccc4ccc3cc1,80480-15-5,5.3870001
OC(C#C)C(CCC)C,87777-46-6,3.743
S=C=N/C=C/CN=C=S,109704-32-7,5.7399998
OC(CC)Cc1ccccc1,120055-09-6,2.8399999
O=C(OCC)CC(O)CC#N,141942-85-0,1.36
S=C=Nc1cc2c(cc1)CCC2,149865-84-9,5.4809999
Clc1c(F)c(C=O)cc(C(F)(F)F)c1,261763-02-4,4.2399998
Clc1c(C=O)c(F)c(C)cc1,286474-59-7,3.74
Clc1c(C(=O)O)ccc(Cl)c1,50-84-0,2.6099999
O=C(OCC)N,51-79-6,1.35
Clc1c(Cl)c(Cl)cc(Cl)c1O,58-90-2,5.1799998
O=C(O)c1ccccc1,65-85-0,2.7
O=CCCCCC,66-25-1,2.8269999
O=[N+]([O-])c1c(O)cccc1[N+](=O)[O-],66-56-8,3.46
O=C1C(CC=2C(=O)Oc3c(C=2O)cccc3)=C(O)c2c(O1)cccc2,66-76-2,4.6999998
Clc1c(Cc2c(Cl)c(Cl)cc(Cl)c2O)c(O)c(Cl)cc1Cl,70-30-4,6.04
OCCCC,71-36-3,1.569
OC(CCCC(C)C)(CC)C,78-69-3,3.3399999
BrCC(C)C,78-77-3,2.6800001
OCC(C)C,78-83-1,1.628
NC(CN)C,78-90-0,2.4400001
O=C(C=C)C,78-94-4,4.5100002
OC(CN)C,78-96-6,2.0699999
O=C(OCC)C(O)(C)C,80-55-7,1.4299999
BrC(C(=O)O)CC,80-58-0,3.122
O=[N+]([O-])c1c(C)c(C)ccc1,83-41-0,3.5599999
O=C1C(O)=CC(=O)c2c1cccc2,83-72-7,3.8
O=C(OCCCC)c1c(C(=O)OCCCC)cccc1,84-74-2,4.5999999
ClCc1c2c(ccc1)cccc2,86-52-2,3.4300001
Clc1c(C)c(N)ccc1,87-60-5,3.3800001
Clc1c(Cl)cccc1Cl,87-61-6,4.21
Clc1c(C)cc(O)cc1C,88-04-0,4.1999998
O=C(O)C(CC)CC,1988/9/5,2.848
FC(F)(F)c1c([N+](=O)[O-])ccc(O)c1,88-30-2,4.6500001
Oc1c(C(C)C)cccc1,88-69-7,3.6099999
O=[N+]([O-])c1c(C)cccc1,88-72-2,3.26
O=[N+]([O-])c1c(N)cccc1,88-74-4,3.0799999
Clc1cc([N+](=O)[O-])c(C)cc1,89-59-8,3.8199999
Clc1c(Cl)cc([N+](=O)[O-])c(Cl)c1,89-69-0,4.5300002
Clc1c(C=O)cccc1,89-98-5,3.49
O(C)c1c(O)cccc1,1990/5/1,2.49
Brc1c2c(ccc1)cccc2,1990/11/9,4.8600001
Ic1c2c(ccc1)cccc2,90-14-2,5.1700001
Oc1c(-c2ccccc2)cccc1,90-43-7,4.0900002
O(C)c1c(O)c(OC)ccc1,1991/10/1,2.4000001
n1c2c(ncc1)cccc2,91-19-0,2.7
O=[N+]([O-])c1c(OC)cccc1,91-23-6,2.9300001
O=C(C)c1ccc(-c2ccccc2)cc1,92-91-1,3.9200001
O(CC)c1c(O)cccc1,94-71-3,2.6400001
s1c2c(cc1)cccc2,95-15-8,3.26
Oc1c(N)cccc1,95-55-6,3.9400001
Clc1c(O)cccc1,95-57-8,3.1800001
Nc1c(C)cc(C)cc1,95-68-1,2.71
Clc1cc(C)c(N)cc1,95-69-2,3.3499999
Clc1c(Cl)ccc(C)c1,95-75-0,4.0700002
Clc1c(N)cc(C)cc1,95-81-8,3.2
O=CC(CC)C,96-17-3,2.6889999
ClCC(O)CO,96-24-2,1.37
BrCC(=O)OC,96-32-2,4.9590001
Clc1sccc1,96-43-5,2.4100001
Clc1c([N+](=O)[O-])cc([N+](=O)[O-])cc1,97-00-7,5.1599998
O=C(OCCCC)C(=C)C,97-88-1,2.73
O=Cc1occc1,1998/1/1,2.98
ClC(Cl)(Cl)c1ccccc1,1998/7/7,2.73
OC(C)c1ccccc1,98-85-1,2.3399999
Clc1c(Cl)ccc([N+](=O)[O-])c1,99-54-7,4.1599998
O=[N+]([O-])c1cc(N)c(O)cc1,99-57-0,3.47
Oc1ccc(C(CC)C)cc1,99-71-8,3.98
Oc1ccc(C(C)C)cc1,99-89-8,3.47
O=C(C)c1ccc(O)cc1,99-93-4,2.7
O=[N+]([O-])c1ccc(C)cc1,99-99-0,3.6500001
Clc1ccc([N+](=O)[O-])cc1,100-00-5,3.4300001
O=[N+]([O-])c1ccc(N)cc1,100-01-6,4.1199999
O=[N+]([O-])c1ccc(OCC)cc1,100-29-8,3.8299999
ClCc1ccccc1,100-44-7,3.0599999
N#Cc1ccccc1,100-47-0,2.48
OCc1ccccc1,100-51-6,2.1700001
O/N=C/1\CCCCC\1,100-64-1,2.204
O(C)c1ccccc1,100-66-3,2.9000001
Oc1cc(Nc2ccccc2)ccc1,101-18-8,4.0100002
O=C(OC)Cc1ccccc1,101-41-7,2.5999999
O(Cc1ccccc1)c1ccc(O)cc1,103-16-2,4.04
O=C(OC)/C=C/c1ccccc1,103-26-4,3.5799999
O(CC)c1ccccc1,103-73-1,2.8599999
S=C(Nc1ccccc1)N,103-85-5,3.6099999
Nc1ccc(CCCC)cc1,104-13-2,4.0700002
Brc1ccc(OC)cc1,104-92-7,3.4000001
O=C(OCC)CCC,105-54-4,2.51
S=C(NCC)NCC,105-55-5,2.24
Brc1ccc(Cl)cc1,106-39-8,3.5599999
Clc1ccc(N)cc1,106-47-8,3.05
Clc1ccc(O)cc1,106-48-9,3.54
NCCC,107-10-8,2.293
OC(C#C)(CC(C)C)C,107-54-0,2.447
BrC(CCC)C,107-81-3,3.21
Clc1cc(N)ccc1,108-42-9,3.22
Oc1cc(C)cc(C)c1,108-68-9,3.1099999
Brc1ccccc1,108-86-1,3.0799999
Cc1cnccc1,108-99-6,2.01
BrCCCC,109-65-9,2.8199999
C(CC)CC,109-66-0,2.8
NCCCC,109-73-9,2.427
NCCCN,109-76-2,2.296
[nH]1cccc1,109-97-7,1.91
O=C(OCC(C)C)C,110-19-0,1.73
O=C(CCCCC)C,110-43-0,2.513
OCCNCC,110-73-6,1.351
C1=CCCCC1,110-83-8,2.99
O=C(O)CCCCCCCCC(=O)O,111-20-6,2.7320001
S(CCC)CCC,111-47-7,2.997
ClC(=O)CCCCCCC,111-64-8,3.415
O(CCO)CCCC,111-76-2,1.626
O=C(OC)/C=C/CCCCCC,111-79-5,4.04
O=CCCCCCCCCC,112-31-2,4.2820001
O=C(O)CCCCCCCCCC,112-37-8,3.898
OCCCCCCCCCCCC,112-53-8,5.1609998
O=CCCCCCCCCCCC,112-54-9,4.7600002
OCCCCCCCCCCCCC,112-70-9,5.4499998
OCCCCCCCCCCCCCC,112-72-1,4.6700001
O=[N+]([O-])c1c(O)ccc(N)c1,119-34-6,3.8800001
Clc1c(Cl)ccc(Cl)c1,120-82-1,4.0799999
Clc1c(O)ccc(Cl)c1,120-83-2,4.04
O=C(C)c1cc(O)ccc1,121-71-1,2.6199999
Clc1c(N)ccc([N+](=O)[O-])c1,121-87-9,3.75
O=C(OC)c1ccc(OC)cc1,121-98-2,3.3099999
O=C(Oc1ccccc1)C,122-79-2,2.77
O=C(Nc1ccc(C=O)cc1)C,122-85-0,2.78
O=CC(CCCC)CC,123-05-7,3.161
Oc1ccc(CC)cc1,123-07-9,3.21
O=Cc1ccc(O)cc1,123-08-0,3.266
O=C(OCC)CCC(=O)OCC,123-25-1,2.1489999
O=C(CC(=O)C)C,123-54-6,2.7279999
O=CCCCCCCC,124-13-0,3.483
OC(C#C)(C)c1ccccc1,127-66-2,2.8199999
O=C(OC)c1c(C(=O)OC)cccc1,131-11-3,2.5599999
O=C(OCC)C(C(=O)OCC)CC,133-13-1,2.7579999
O=C(c1ccc(C)cc1)c1ccccc1,134-84-9,4.4000001
Clc1ccc(C(=O)c2ccccc2)cc1,134-85-0,4.5
Oc1cc2c(cc1)cccc2,135-19-3,3.79
Oc1ccc(C(CC(C)(C)C)(C)C)cc1,140-66-9,5.0999999
O(C)c1ccc(CC=C)cc1,140-67-0,3.6400001
O=C(/C=C(\C)/C)C,141-79-7,2.3599999
O=C(O)CC(=O)O,141-82-2,2.2909999
O(C)c1ccc(O)cc1,150-76-5,2.8599999
S1c2c(Oc3c1cccc3)cccc2,262-20-4,5.04
Fc1c(C(=O)c2ccccc2)cccc1,342-24-5,3.96
Fc1c(N)cccc1,348-54-9,2.6300001
Fc1c(O)cccc1,367-12-4,3.1900001
Fc1cc(N)ccc1,372-19-0,2.9000001
Fc1cc(O)ccc1,372-20-3,3.3800001
Fc1cc(C(=O)C)c(O)cc1,394-32-1,3.04
Fc1c([N+](=O)[O-])ccc(O)c1,394-41-2,3.9300001
Fc1cc([N+](=O)[O-])c(C)cc1,446-10-6,3.25
Fc1cc(C=O)ccc1,456-48-4,3.154
Brc1ccc(F)cc1,460-00-4,3.1099999
O=C(O)C#C,471-25-0,2.7060001
Oc1c(O)cccc1C,488-17-5,3.28
Brc1c(Br)c(Br)c(O)c(O)c1Br,488-47-1,3.98
O=C(CCC)c1ccccc1,495-40-9,3.21
O(C)c1c(O)ccc(CO)c1,498-00-0,2.3
Oc1cc(O)cc(CCCCC)c1,500-66-3,4.3099999
O(C)c1cc(OC)cc(O)c1,500-99-2,2.9100001
O=C(CCCC)CCCC,502-56-7,3.0739999
Oc1cc(O)cc(C)c1,504-15-4,2.6099999
Oc1c(C)c(C)ccc1,526-75-0,3.1199999
Oc1cc(C)c(C)c(C)c1,527-54-8,3.9300001
O=C(N)c1c(C)cccc1,527-85-5,2.05
O=Cc1c(C)cccc1,529-20-4,3.0109999
OCc1ccc(C(C)C)cc1,536-60-7,3.1800001
C(C)c1ccncc1,536-75-4,2.54
Ic1ccc(O)cc1,540-38-5,3.8499999
O=C(N)CCC,541-35-5,1.215
ICCCC,542-69-8,3.3
ClCCC#N,542-76-7,2.0009999
ClCCCCC,543-59-9,3.1700001
S(CCCC)CCCC,544-40-1,4.04
O=[N+]([O-])c1cc(OC)ccc1,555-03-3,3.72
O=C(N)C(C)C,563-83-7,1.12
O=C(/C(=C/C)/C)C,565-62-8,2.6600001
O=[N+]([O-])c1c(O)c([N+](=O)[O-])ccc1,573-56-8,3.8299999
Cc1c(C)ccc2c1cccc2,573-98-8,4.3099999
Nc1c(CC)cccc1,578-54-1,2.78
Oc1cc(-c2ccccc2)ccc1,580-51-8,4.3499999
O=[N+]([O-])c1cc(O)cc([N+](=O)[O-])c1,586-11-8,4.4099998
Brc1ccc(C(=O)O)cc1,586-76-5,3.1800001
OCc1ccc(C)cc1,589-18-4,2.51
Ic1ccc(Br)cc1,589-87-7,3.3499999
O=COCCCC,592-84-7,2.066
S(CC=C)CC=C,592-88-1,2.6900001
S=C=NC(CC)(C)C,597-97-7,3.3529999
NC(C(C)C)C,598-74-3,2.2909999
O=C(C(=O)C)CC,600-14-6,2.8399999
O=[N+]([O-])c1c(C)cc(C)cc1C,603-71-4,3.8599999
c1(-c2ccccc2)c2c(ccc1)cccc2,605-02-7,5.04
O=[N+]([O-])c1c(O)c2c(c([N+](=O)[O-])c1)cccc2,605-69-6,4.8899999
Brc1c(N)c(Br)ccc1,608-30-0,3.9000001
O=[N+]([O-])c1occc1,609-39-2,3.74
O=[N+]([O-])c1sccc1,609-40-5,3.51
O=[N+]([O-])c1c(O)c([N+](=O)[O-])cc(C)c1,609-93-8,4.23
O=C(OC)c1occc1,611-13-2,2.1500001
O=Cc1c(OC)cc(OC)cc1,613-45-6,2.944
O=[N+]([O-])c1cc2c(nccc2)cc1,613-50-3,3.46
O=C(/C=C/c1ccccc1)c1ccccc1,614-47-1,4.5100002
Clc1c(O)ccc(O)c1,615-67-8,4.2600002
BrC(C(=O)OCC)CCCC,615-96-3,3.8599999
OC(CO)CN,616-30-8,1.188
N#Cc1occc1,617-90-3,2.29
BrC(Br)c1ccccc1,618-31-5,3.6400001
Clc1c(O)c(Cl)cc([N+](=O)[O-])c1,618-80-4,3.6099999
O=C(N)c1ccc(O)cc1,619-57-8,2.22
O=Cc1oc(C)cc1,620-02-0,2.97
Brc1ccc(C#N)cc1,623-00-7,3.29
O=C(OCC)/C=C/C,623-70-1,2.24
ICC#N,624-75-9,5.4689999
S(=O)(=O)(OCCCC)OCCCC,625-22-9,3.6210001
O=Cc1cc(C=O)ccc1,626-19-7,3.1800001
Clc1cc(Cl)cc(N)c1,626-43-7,3.71
Clc1cnccc1,626-60-8,2.29
O=C(OCC#C)C,627-09-8,1.834
O=[N+]([O-])CCCCC,628-05-7,2.5899999
BrCCCCCCBr,629-03-8,4.046
ClCCCCCCC,629-06-1,4.3600001
OCCCCCCO,629-11-8,1.505
Clc1c(Cl)c(Cl)cc(N)c1Cl,634-83-3,4.96
Clc1c(Cl)cc(N)c(Cl)c1,636-30-6,4.3000002
O=[N+]([O-])CCCCCC,646-14-0,3.04
FC(F)(F)C(=O)c1sccc1,651-70-7,2.9000001
O=C1OC(C)=CC(C)=C1,675-09-2,2.0699999
Cc1[nH]ccn1,693-98-1,2.0899999
O=C1OC(CC)CC1,695-06-7,1.76
O=[N+]([O-])c1oc(C=O)cc1,698-63-5,5.23
OCCc1ccc(C)cc1,699-02-5,2.74
Oc1c(C)c(C)c(O)cc1C,700-13-0,4.3400002
O=Cc1c(OC)cc(OC)cc1O,708-76-9,3.6170001
Oc1ccc(C#N)cc1,767-00-0,3.52
Fc1c(F)c(F)c(N)c(F)c1F,771-60-8,3.26
O=[N+]([O-])c1c2c(c(N)cc1)cccc2,776-34-1,4.1199999
P(=O)(c1ccccc1)(c1ccccc1)c1ccccc1,791-28-6,3.77
BrC/C=C/CBr,821-06-7,4.9250002
OCCCCC=C,821-41-0,2.1589999
N#Cc1ccc(N)cc1,873-74-5,3.24
O(C)c1ccc(C#N)cc1,874-90-8,3.0999999
OCCC#C,927-74-2,1.161
O=C(CCCCCCC)CC,928-80-3,3.6270001
OC/C=C\CCC,928-94-9,2.223
OCC/C=C/CC,928-97-2,2.223
ClC1CCCC1,930-28-9,2.6500001
Clc1c(Cl)cc(Cl)cc1O,933-78-8,5.3699999
O=C(CCCCC)c1ccccc1,942-92-7,4.1900001
OCC#CCCCC,1002-36-4,2.8110001
Brc1sccc1,1003-09-4,3.0899999
O=C1OC(c2ccccc2)CC1,1008-76-0,2.95
c1(-c2ccccc2)cnccc1,1008-88-4,3.47
Oc1c(O)cc(C(C)(C)C)cc1C(C)(C)C,1020-31-1,5.1100001
Brc1cnc(N)cc1,1072-97-5,3.49
BrCCCC=C,1119-51-3,3.013
O=C1C(C)CCC1,1120-72-5,1.8
Oc1ccc(C2CCCCC2)cc1,1131-60-8,4.5599999
O=C(c1ccc(O)cc1)c1ccccc1,1137-42-4,4.02
SCCCCCCS,1191-43-1,3.6259999
SCCCCCCCCS,1191-62-4,4.191
Fc1ccc(C#N)cc1,1194-02-1,2.74
Clc1c(Cl)c(Cl)c(O)c(O)c1Cl,1198-55-6,4.6999998
OCCc1cc2c(cc1)cccc2,1485-07-0,3.49
Oc1ccc(C2CCCC2)cc1,1518-83-8,4.29
O=C(OC)/C(=C/CC)/C,1567-14-2,2.6240001
O=C/C=C/CC,1576-87-0,3.6600001
OCc1cc(N)ccc1,1877-77-6,1.87
S(=O)(=O)(C=C)CC,1889-59-4,3.1099999
Brc1oc(C=O)cc1,1899-24-7,3.1300001
O=C(OC)COc1ccccc1,2065-23-8,2.79
OC(CC#C)C,2117/11/5,1.368
O=C(OC)c1c(O)cc(O)cc1,2150-47-2,3.6099999
O=C(OCC)C(C(=O)OCC)CCC,2163-48-6,3.1340001
O=C(Nc1ccccc1)C=C,2210-24-4,3.1159999
O=C(NC(C)C)C=C,2210-25-5,1.693
FC(F)(F)c1c(F)ccc(N)c1,2357-47-3,3.77
O=C(OCCOCC)C(=C)C,2370-63-0,2.22
NCC#C,2450-71-7,2.174
ClC(=O)CCCCCC,2528-61-2,3.4590001
O=C/C=C/CCCCC,2548-87-0,4.1999998
O=CC#Cc1ccccc1,2579-22-8,5.02
Clc1c(F)ccc(O)c1,2613-23-2,4.1300001
BrC(C(=O)O)CCCCCC,2623-82-7,3.4909999
O=C1C=C(C)CC1,2758-18-1,1.6799999
S=C(N(C)C)N(C)C,2782-91-4,2.1500001
O=C(OCC)c1sccc1,2810-04-0,3.03
ClCc1c(O)ccc([N+](=O)[O-])c1,2973-19-5,3.75
Brc1c(O)c(OC)cc(C=O)c1,2973-76-4,3.6199999
O=[N+]([O-])c1c(O)ccc(C=O)c1,3011-34-5,3.6099999
OC(C#CC(O)C)C,3031-66-1,2.54
O=C(N)c1ccc(C#N)cc1,3034-34-2,2.6199999
ClCCCC(=O)OCC,3153-36-4,2.7190001
c1(-c2cscc2)cscc1,3172-56-3,4
BrCC#CC,3355-28-0,4.276
S(=O)(=O)(C=C)C,3680/2/2,3.99
O=C(O)/C=C/CCCCCC,3760-11-0,3.5999999
C(CCc1occc1)CC,3777-69-3,3.9200001
O=C(C(=O)C)CCC,3848-24-6,2.79
OCCCCCCN,4048-33-3,2.0420001
OCC#CCCCCCCC,4117-14-0,3.9860001
O=[N+]([O-])c1c(N)nccc1,4214-75-9,2.99
O=C(OCCC(C)C)C=C,4245-35-6,3.4100001
[SH0](=O)(CCC)CCC,4253-91-2,1.78
O(CCCC)c1ccc(N)cc1,4344-55-2,3.6099999
OCCNC(C)(C)C,4620-70-6,1.327
O=C(OC(C)C)C(=C)C,4655-34-9,2.1199999
BrCC(=O)OC(C)(C)C,5292-43-3,5.4089999
O/N=C(/CCCCC)\C,5314-31-8,3.1029999
OC(CO)CCC,5343-92-0,1.373
OCc1c(N)cccc1,5344-90-1,1.9299999
BrCCCCC(=O)OC,5454-83-1,2.9200001
O=C(OCCCC)CC#N,5459-58-5,2.3900001
BrCC(=O)C(C)(C)C,5469-26-1,5.3769999
O=C/C=C/C=C/CCCC,5910-87-2,4.2199998
ClCCCCC#N,6280-87-1,2.3659999
O(CCCN)CC,6291-85-6,1.2970001
Clc1c(Cl)cc([N+](=O)[O-])c([N+](=O)[O-])c1,6306-39-4,5.21
OC1c2c(cccc2)CC1,6351/10/6,2.4200001
Clc1c(C=O)cc([N+](=O)[O-])cc1,6361-21-3,3.53
O=C/C=C/CCC,6728-26-3,3.77
Clc1cc(C(=O)N)c(O)cc1,7120-43-6,3.5899999
NCCCN1CCN(CCCN)CC1,7209-38-3,2.3399999
O=C(OCC)c1cc(O)ccc1,7781-98-8,3.48
O(CCCCCCC)c1ccc(O)cc1,13037-86-0,5.0300002
O=C(O)/C=C/CCC,13419-69-7,2.872
O=C(OCC#C)C(=C)C,13861-22-8,2.6300001
O=C(CC(=O)C)CCCC,14090-87-0,3.1300001
ClCCCC#C,14267-92-6,2.51
Brc1c(C)ccs1,14282-76-9,3.6199999
BrCCCCC(=O)OCC,14660-52-7,3.2179999
BrC(C(=O)N)CBr,15102-42-8,4.921
OC(CC)C,15892-23-6,1.4579999
BrC(C(Br)CC)CC,16230-28-7,3.9979999
Clc1nc(O)ccc1,16879-02-0,2.71
O=C(OCCCCC)CC#N,17686-39-4,2.6900001
Clc1c(Cl)c([N+](=O)[O-])ccc1Cl,17700-09-3,4.5100002
Clc1c(CO)cccc1,17849-38-6,2.9000001
O=C(OC(CCOC(=O)C=C)C)C=C,19485-03-1,4.1440001
Clc1c(Cl)c([N+](=O)[O-])c(Cl)c(Cl)c1[N+](=O)[O-],20098-38-8,5.8200002
OCC#CCCCCC,20739-58-6,3.194
BrCCCCCCC#N,20965-27-9,3.5120001
OC(CCC)c1ccccc1,22144-60-1,2.99
S=C=Nc1ccc(CCCC)cc1,23165-44-8,5.77
S=C(NCCCCCCCCCC)N,24827-74-5,4.9400001
Fc1c(O)c(F)ccc1,28177-48-2,3.47
Nc1ccc(C(CC)C)cc1,30273-11-1,3.6099999
C(CC)Cc1cscc1,34722-01-5,3.96
BrCC(=O)OCCC,35223-80-4,5.3099999
Clc1c([N+](=O)[O-])ccc(OC)n1,38533-61-8,4.3600001
BrC(C(=O)C(=O)C(Br)C)C,39081-91-9,5.1680002
S=C=Nc1cc(C)cc(C)c1,40046-30-8,4.8860002
BrCCCCCCCCO,50816-19-8,4.0419998
OCC#CCCCCCCCCCC,51887-25-3,5.3670001
O=[N+]([O-])c1c(N)c([N+](=O)[O-])cc(C(=O)N)c1,54321-79-8,3.51
OC(C#CCC)CC(C)C,60657-70-7,3.401
OC(C#C)CC(C)C,61996-79-0,3.6170001
S(=O)(=O)([O-])c1c[n+](Cc2ccccc2)ccc1,69723-94-0,1.5
Brc1cc(F)c(OC)c([N+](=O)[O-])c1,74266-66-3,3.97
OC/C=C/CCCCCCCC,75039-84-8,4.6110001
Fc1c(F)cc(N)c([N+](=O)[O-])c1,78056-39-0,3.75
O=[N+]([O-])c1c([N+](=O)[O-])ccc(CO)c1,79544-31-3,4.0900002
O=C/C(=C\C(CC=C)C)/C,80192-48-9,3.0799999
OCC(CC)c1ccccc1,89104-46-1,2.8900001
OC[C@@H](N)C(C)(C)C,112245-13-3,2.2820001
Clc1c([N+](=O)[O-])cc(N=C=S)cc1,127142-66-9,5.1100001
